{"type":"FeatureCollection", "features": [
{"type":"Feature","geometry":{"type":"Polygon","coordinates":[[[-91.16607905999996,33.00411201600008],[-91.20826906699995,32.91535999600006],[-91.13131004699994,32.926925002000075],[-91.07060802799998,32.888664996000045],[-91.14500804599999,32.842875984000045],[-91.16497404699999,32.761989967000034],[-91.05448701399996,32.72226496300004],[-91.15208703599995,32.641513943000064],[-91.09374701599995,32.549133926000025],[-91.09531401099997,32.458746907000034],[-91.02961199199996,32.43354790500007],[-90.97948097099999,32.29370787800008],[-91.03901298399995,32.24235486500004],[-91.16417701599994,32.19689385100003],[-91.16282801199998,32.132699838000065],[-91.03471297599998,32.10105883600005],[-91.09871398999996,32.04836082300005],[-91.07591398199997,32.01683381700008],[-91.18831600999994,31.960963801000048],[-91.180616005,31.917964793000067],[-91.26811802599997,31.85306677600005],[-91.34572004599994,31.842866771000047],[-91.365040046,31.74818975000005],[-91.39792105299995,31.709369741000046],[-91.44392205699995,31.542471705000025],[-91.51396907599997,31.53208970000003],[-91.51337207099994,31.444401682000034],[-91.47207105699994,31.395930673000066],[-91.54897307599998,31.347260660000074],[-91.51858406399998,31.275288646000035],[-91.63767809599995,31.267685640000025],[-91.58905207799995,31.178591624000035],[-91.62422308499998,31.13373461300006],[-91.56440306499996,31.038970595000023],[-91.63694808199995,30.99942158400006],[-91.10811993999994,30.998862603000077],[-90.38054174299998,30.999877629000025],[-89.74182656999994,31.003446652000036],[-89.76779456999998,30.865582621000044],[-89.83241358299995,30.76451559700007],[-89.84720658299995,30.670043577000058],[-89.75813855099994,30.50540954400003],[-89.68341552899994,30.451798535000023],[-89.68369152699995,30.40587852500005],[-89.62973250899995,30.339292512000043],[-89.64740451199998,30.291299501000026],[-89.57015948599997,30.180302480000023],[-89.52450947299997,30.180758481000055],[-89.44877045299995,30.202126488000033],[-89.41935344799998,30.25432550100004],[-89.329951425,30.30290151400004],[-89.27183840999999,30.30549651700005],[-88.99890733799998,30.387378544000057],[-88.81023228699996,30.394703552000067],[-88.74695026699999,30.347627543000044],[-88.66382524499994,30.362104549000037],[-88.45381518599999,30.329631549000055],[-88.39502817099998,30.36943056000007],[-88.41813248399995,30.855882029000043],[-88.45158023799996,31.481538800000067],[-88.47323226399999,31.89386188700007],[-88.38299027599999,32.62696004600008],[-88.33093928499994,33.07313114200008],[-88.24303030099998,33.79568629500005],[-88.18762530999999,34.20478438200007],[-88.09789332599996,34.89220852500006],[-88.15462234399996,34.92239852900008],[-88.20006936099998,34.99564054200005],[-89.15683262899995,34.99393250000003],[-89.84849382099998,34.99419947000007],[-90.30930294799998,34.99570045000007],[-90.25010092599996,34.90732643500007],[-90.45694097699999,34.82338941000006],[-90.47972397299998,34.659940376000065],[-90.58842500399999,34.67096937400004],[-90.54589698499996,34.56326335400007],[-90.58992699199996,34.48479933700003],[-90.58068298499995,34.41056032300003],[-90.67625100899994,34.371117311000035],[-90.75011302899998,34.367925307000064],[-90.74089502199996,34.30654429500004],[-90.83241304499995,34.26749728300007],[-90.84781404499995,34.20653627100006],[-90.94632906599998,34.10938024700005],[-90.87053404399995,34.080522245000054],[-90.88896204599996,34.029794234000065],[-90.98795407199998,34.01904422700005],[-91.08792709599999,33.975341214000025],[-91.01083707199996,33.92555820800004],[-91.07088908499998,33.86672019300005],[-91.05389207499996,33.77870717700006],[-91.09404607899995,33.658357151000075],[-91.16087209999995,33.707102158000055],[-91.22057611499997,33.69292915200003],[-91.13045108599994,33.60604013900007],[-91.22412710899994,33.56737512700005],[-91.16936608699996,33.45263510600006],[-91.05815805599997,33.42871110600004],[-91.14222507399995,33.34899508700005],[-91.08986804799997,33.13966104600007],[-91.20017307599994,33.10693603500005],[-91.12464505299994,33.06413303000005],[-91.16607905999996,33.00411201600008]]]},"properties":{"shapeName":"Mississippi","shapeISO":"US-MS","shapeID":"66186276B69138566591314","shapeGroup":"USA","shapeType":"ADM1"}},
{"type":"Feature","geometry":{"type":"Polygon","coordinates":[[[-81.67753856899998,36.588124135000044],[-81.69531456699997,36.467919110000025],[-81.75442357699995,36.33705108000004],[-81.83320560099997,36.34734607900003],[-81.90814061999998,36.30202006700006],[-82.03314464699997,36.12042902400003],[-82.13064967499997,36.10642401800004],[-82.14795168299997,36.149523026000054],[-82.28945872399999,36.13571701800004],[-82.40946175599998,36.083416002000035],[-82.46066176699998,36.00781598400005],[-82.54968579099994,35.96428197200004],[-82.61089280899995,35.96741597000005],[-82.63226882099997,36.06571199000007],[-82.78527086199995,35.98793396700006],[-82.78746886,35.95216996000005],[-82.91334089599997,35.924119949000044],[-82.90130488899996,35.872599939000054],[-82.98397390799994,35.77801691600007],[-83.07873593599999,35.789478915000075],[-83.24067297999994,35.726766895000026],[-83.31276099699994,35.65481587700003],[-83.44580603299994,35.611809863000076],[-83.49833904599996,35.56298785100006],[-83.77174012599994,35.562124840000024],[-83.88007815499998,35.518751827000074],[-84.01471118799998,35.411989799000025],[-84.02351418399996,35.29578977500006],[-84.10670420499997,35.25151676200005],[-84.29024425699998,35.22557875000007],[-84.32187325299998,34.98841469900003],[-83.61998904799998,34.98659872600007],[-83.10860989899999,35.00066574900006],[-82.78787080999996,35.08503077900008],[-82.75770779999993,35.06802577600007],[-82.61244776099994,35.13824079600005],[-82.37874769599995,35.19805981800005],[-81.71626249899998,35.17885883900004],[-81.04287329699997,35.149254857000074],[-81.04149229099994,35.04470983500005],[-80.93495326299995,35.10741585200003],[-80.78204520799994,34.935788821000074],[-80.79754620599994,34.81979279600006],[-79.87069592899996,34.80538482500003],[-79.67530186999994,34.804750832000025],[-79.24976572499997,34.44978076900003],[-78.54203248399995,33.85193066100004],[-78.39116443999995,33.899006676000056],[-78.23952439499999,33.91577368500003],[-78.10975135599995,33.909264687000075],[-77.99875532099998,33.88026268400006],[-77.95335830799996,33.89565268900003],[-77.87183429199996,34.08345973400003],[-77.77533626999997,34.23332777000007],[-77.68905824799998,34.32033379300003],[-77.49179919499994,34.456104829000026],[-77.32394114799996,34.53484485200005],[-77.20157111499998,34.63432387800003],[-76.90265902899995,34.726501908000046],[-76.62701294399994,34.71936291500003],[-76.47305589999996,34.769385931000045],[-76.45136789499998,34.808009940000034],[-76.34678886599994,34.87335995800004],[-76.24931584199999,35.00067498900006],[-76.42284689299998,34.95073697300006],[-76.43576490199996,35.05794799600005],[-76.49747791799996,35.00818698300003],[-76.63105395799994,34.988716975000045],[-76.76082699399996,34.915857954000046],[-76.93575904999994,34.97313696100008],[-76.97996806599997,35.00915996800006],[-76.95287205999995,35.057229979000056],[-76.82048501499997,34.970994965000045],[-76.71162698399996,35.004487975000075],[-76.56949494499997,35.098467001000074],[-76.47988992599994,35.27911504300005],[-76.49887093299998,35.30589504900007],[-76.71947100399996,35.37510205600006],[-76.71067700399993,35.42857306800005],[-76.57756096099996,35.38758306400007],[-76.63794698599997,35.51296908900008],[-76.52718795299995,35.53270109700003],[-76.56545395999996,35.44948707800006],[-76.51031294099994,35.39738606800006],[-76.43805791899996,35.39854907100005],[-76.41191290799998,35.34641506000003],[-76.26811686399998,35.34001706300006],[-76.09128281099999,35.369482076000054],[-76.01570079199996,35.44174209400006],[-75.95628077799995,35.52863911500003],[-75.77533072399996,35.57934213200008],[-75.71717471199997,35.69365815900005],[-75.74949973099996,35.88414419900005],[-75.80935275299998,35.959315213000025],[-75.87094877299995,35.97856221600006],[-75.98605480399993,35.889000192000026],[-75.98290079799995,35.77256816700003],[-76.06014681799996,35.70871315100004],[-76.06537582599998,35.833868178000046],[-76.01284881399994,35.921879199000045],[-76.06252383299994,35.990756212000065],[-76.17052586599993,35.99453020900006],[-76.37079492499998,35.93438919000005],[-76.39955393599996,35.982101199000056],[-76.55380798099998,35.94016218500008],[-76.66242801399994,35.93207917900003],[-76.67648702399998,36.04361920300005],[-76.58042799299994,36.01056119900005],[-76.46032295699996,36.024144206000074],[-76.37174493399993,36.11777022900003],[-76.32325891999994,36.13485623400004],[-76.21368788499996,36.096071230000064],[-76.07167484299998,36.14019024400005],[-76.01698682899996,36.18637425600008],[-75.91066079699993,36.21216426500007],[-75.83992677399993,36.177117259000056],[-75.92351380899999,36.36780329800007],[-76.04255885299995,36.510572324000066],[-75.89991080699997,36.48213132300003],[-75.86704580099996,36.550761339000076],[-76.54168900899998,36.55031931600007],[-76.91605012399998,36.543822302000024],[-77.47444706499994,36.54505263300007],[-78.50996761099998,36.541072245000066],[-79.51064991499999,36.54074520800003],[-80.29524615199995,36.54398018000006],[-80.70483427599999,36.56232616800003],[-80.83764431599997,36.55912516200004],[-81.37482747799999,36.57468014400007],[-81.67753856899998,36.588124135000044]]]},"properties":{"shapeName":"North Carolina","shapeISO":"US-NC","shapeID":"66186276B6801956407400","shapeGroup":"USA","shapeType":"ADM1"}},
{"type":"Feature","geometry":{"type":"Polygon","coordinates":[[[-103.00220835999994,37.00011014700004],[-103.00244331499994,36.50040306900007],[-102.57070521399999,36.500387018000026],[-101.82650703599995,36.49954113600006],[-101.08516485799998,36.49925017800007],[-100.00041459299996,36.49970823900003],[-100.00040734599997,36.04264716700004],[-100.00039944599996,35.552462080000055],[-100.00039207799995,35.03039098800008],[-100.00038944,34.56051491100004],[-99.89376841299998,34.55422491500008],[-99.69497835199996,34.378338894000024],[-99.600034328,34.37469389900008],[-99.56970432399999,34.41842390800008],[-99.39684727899999,34.37942290900003],[-99.38101927999998,34.456941924000034],[-99.29465625599994,34.41537892100007],[-99.21008622999994,34.337710911000045],[-99.18951921599995,34.214317890000075],[-99.04347917899997,34.19821389500004],[-98.95252115699998,34.21265590200005],[-98.91834114699998,34.18183689800003],[-98.76557810599996,34.136381897000035],[-98.69060308699994,34.13297790000007],[-98.59979706599995,34.16057690900004],[-98.48633603099995,34.06260389700003],[-98.39978501199994,34.099978908000026],[-98.36562900799998,34.156998920000035],[-98.16912795599995,34.11417692200007],[-98.11942494099998,34.084479919000046],[-98.082846927,34.00241790500007],[-97.94573789099996,33.989844910000045],[-97.96778488999996,33.88243588900008],[-97.87145486299994,33.849006888000076],[-97.67177982299995,33.99137592300008],[-97.58883579899998,33.95188791900006],[-97.58926179599996,33.90392791100004],[-97.46038376399997,33.903953917000024],[-97.46286475999995,33.84177790500007],[-97.37294873599996,33.81945990500003],[-97.30557272299995,33.88644092100003],[-97.18085269199997,33.89520992800004],[-97.20571269299995,33.80291391000003],[-97.17219967999995,33.73755089900004],[-97.10453266199994,33.722613900000056],[-97.09524366399995,33.79414191300003],[-96.98557464199996,33.88652793600005],[-96.924275632,33.95916495200004],[-96.86644560999997,33.85315493500008],[-96.69071556499995,33.84996494200004],[-96.67345656499998,33.91228395500008],[-96.58794154199995,33.89478995500008],[-96.62316254699994,33.84148894400005],[-96.526662521,33.820896944000026],[-96.50027551099998,33.77258893700008],[-96.42265049199995,33.77604694100006],[-96.33802046399995,33.68873392800003],[-96.29371545799995,33.76941494500005],[-96.17806642799997,33.76052394900006],[-96.14807742499994,33.83780496500003],[-96.04884139999996,33.83647396900005],[-95.94127437399999,33.861624979000055],[-95.84525034799998,33.83907597900003],[-95.75637432799994,33.89263099300007],[-95.71054431599998,33.88500599400004],[-95.61642929499999,33.927412006000054],[-95.53329026999995,33.88116800100005],[-95.440935245,33.86643500200006],[-95.27877420399994,33.877912012000024],[-95.21764019399996,33.96265203100006],[-95.06011214899996,33.901879026000074],[-94.86930708899996,33.74587700500007],[-94.70173604299998,33.70341900400007],[-94.66589903099998,33.66235499800007],[-94.57961900799995,33.66512900200007],[-94.48588198199997,33.63787300100006],[-94.47268044999998,34.102983761000075],[-94.44789588699996,34.93394736300007],[-94.43066908599997,35.39248433500006],[-94.56117217699995,36.15211646800003],[-94.61792621899997,36.49942052700004],[-94.61797125899994,36.99891161700003],[-95.51158549499996,36.99924156900005],[-96.50029575199994,36.99864951600006],[-97.41449411699995,36.998789087000034],[-98.21950719199998,36.99783042200005],[-99.12945742099998,36.99942837100008],[-99.64866054999999,36.99961034100005],[-100.43428300499994,37.00111614900004],[-101.48533499799998,36.995617235000054],[-102.04209813199998,36.99302220200008],[-102.69815128799996,36.99515516400004],[-103.00220835999994,37.00011014700004]]]},"properties":{"shapeName":"Oklahoma","shapeISO":"US-OK","shapeID":"66186276B83300161667341","shapeGroup":"USA","shapeType":"ADM1"}},
{"type":"Feature","geometry":{"type":"MultiPolygon","coordinates":[[[[-75.64823080799994,37.96677864500003],[-75.71705382199997,37.82773361400007],[-75.89049686599998,37.64955457000008],[-75.94118387699996,37.56384655100004],[-76.02575488699995,37.25741448400004],[-75.96570086099996,37.118146456000034],[-75.89729983999996,37.11804445800004],[-75.81738881899997,37.19344447700007],[-75.77881881199994,37.297183500000074],[-75.65921278299999,37.446633536000036],[-75.68404979199994,37.463237538000044],[-75.60014877199995,37.57135356400005],[-75.58707677399997,37.68965858900003],[-75.52088275899996,37.796694614000046],[-75.41166873099996,37.896824638000055],[-75.35248671199997,37.889697639000076],[-75.24226768499994,38.027216671000076],[-75.62434280199994,37.99421865100004],[-75.64823080799994,37.96677864500003]]],[[[-75.86704580099996,36.550761339000076],[-75.94955183699994,36.76115738100003],[-75.99232085799997,36.91598641200005],[-76.09345388899999,36.908005407000076],[-76.29655095499999,36.96898641300004],[-76.38756897999997,36.89955439600004],[-76.48015900899998,36.91427639500006],[-76.48645701299995,36.95654740400005],[-76.58649304799997,37.028747416000044],[-76.64601506699995,37.03623541600007],[-76.67159007999999,37.14206743700004],[-76.75776710999997,37.19166544400008],[-76.649871078,37.22092145400006],[-76.62205306399994,37.125584435000064],[-76.46447300999995,37.02755442000006],[-76.41099398999995,36.963004408000074],[-76.27135695399994,37.087579439000024],[-76.40208100099994,37.20655546000006],[-76.30858297799995,37.329373489000034],[-76.24775296199994,37.378823501000056],[-76.25609896899994,37.452638517000025],[-76.35268000199994,37.504920524000056],[-76.33264299899997,37.570049538000035],[-76.43083103199996,37.61113254400004],[-76.53377906399999,37.61253754000006],[-76.59721508899997,37.71727656000007],[-76.72386513199996,37.78851057000003],[-76.70160812699999,37.822684578000064],[-76.58429208799998,37.770866571000056],[-76.51018905799998,37.642331547000026],[-76.35711200899993,37.618495548000055],[-76.30244599599996,37.69094256500006],[-76.30660600499994,37.82191859200003],[-76.23672698699994,37.88918160800006],[-76.41630104699993,37.96683561800006],[-76.51654908199998,38.02657362700006],[-76.61211511799996,38.14889764800006],[-76.83879718999998,38.16348364300006],[-76.96231323099994,38.214082649000034],[-76.96215223299998,38.25649365800007],[-77.03068525799995,38.31163066700003],[-77.01850025799996,38.38194868100004],[-77.24010032399997,38.33099566300007],[-77.27963533699995,38.339451663000034],[-77.32629335699994,38.443605683000044],[-77.26530634699998,38.580326713000034],[-77.13020230799998,38.635024729000065],[-77.13250331099994,38.67382373700008],[-77.04148928599994,38.725917751000054],[-77.03900828899998,38.79165276400005],[-77.03170028999995,38.850519776000056],[-77.11976132299998,38.93435079000005],[-77.22150435699996,38.971317793000026],[-77.24460536699996,39.020116802000075],[-77.34028939999996,39.06299880700004],[-77.46261943799993,39.07625580500007],[-77.52728446299994,39.14624381700003],[-77.45768244599998,39.22502783500005],[-77.56659848499999,39.306128847000025],[-77.71952153399997,39.32132184400007],[-77.82815955599995,39.132336802000054],[-78.34708973799997,39.46601984800003],[-78.33928672799993,39.34861282600008],[-78.41942474699994,39.25748380400006],[-78.40369973599996,39.167458787000044],[-78.57190377899997,39.03200275300003],[-78.60165778399994,38.96461073900008],[-78.78602783599996,38.88719471600007],[-78.86927885399996,38.76299868800004],[-78.99399989799997,38.850109701000065],[-79.12975992699995,38.65502465600008],[-79.21059394099996,38.49292062000006],[-79.31227896699994,38.41188360000007],[-79.47664102099998,38.45723560300007],[-79.53687304499994,38.55092461900006],[-79.64907808199996,38.59152262300006],[-79.69962508999998,38.47397459700005],[-79.68967808399998,38.431446589000075],[-79.74061809499995,38.35410857200003],[-79.81015711299995,38.306714559000056],[-79.78894810399999,38.26871055200007],[-79.92119913899995,38.180385529000034],[-79.92633313499994,38.10715851400005],[-80.00251015099997,37.992774488000066],[-80.16220519299998,37.87512945800006],[-80.29614122199996,37.69179041600006],[-80.25892220399999,37.595506398000055],[-80.32850722299997,37.56432238800005],[-80.29979221099995,37.50827837800006],[-80.47560425899997,37.422956354000064],[-80.51514227499996,37.478573364000056],[-80.947899394,37.29587930900004],[-81.11259944199998,37.278504299000076],[-81.22510747299998,37.234881286000075],[-81.36215952099997,37.337694301000056],[-81.41666653299995,37.27322128600008],[-81.56062857199998,37.20667026700005],[-81.67821360699998,37.20149026100006],[-81.76175563699996,37.27572027200006],[-81.853554665,37.28770827100004],[-81.93674769599994,37.380737287000045],[-81.935319699,37.43639729800003],[-81.99658171999994,37.476712303000056],[-81.96801571499998,37.53804231700008],[-82.35095181199995,37.26708424700007],[-82.55037586799995,37.204465226000025],[-82.72210091299996,37.12017520200004],[-82.74245791399994,37.04298718500007],[-82.86753894699996,36.97752516700007],[-82.87007194299997,36.901742151000064],[-82.97025696999998,36.85769313800006],[-83.07559400099996,36.85059613200008],[-83.13639901199997,36.743095108000034],[-83.31140706199994,36.71029409400006],[-83.42371109199996,36.66739208100006],[-83.49801511399994,36.67049207800005],[-83.67539916199996,36.60079105700004],[-82.88801692899995,36.593468088000066],[-81.93414764599999,36.59422012600004],[-81.92264764399994,36.616220131000034],[-81.67753856899998,36.588124135000044],[-81.37482747799999,36.57468014400007],[-80.83764431599997,36.55912516200004],[-80.70483427599999,36.56232616800003],[-80.29524615199995,36.54398018000006],[-79.51064991499999,36.54074520800003],[-78.50996761099998,36.541072245000066],[-77.47444706499994,36.54505263300007],[-76.91605012399998,36.543822302000024],[-76.54168900899998,36.55031931600007],[-75.86704580099996,36.550761339000076]]]]},"properties":{"shapeName":"Virginia","shapeISO":"US-VA","shapeID":"66186276B53580985925186","shapeGroup":"USA","shapeType":"ADM1"}},
{"type":"Feature","geometry":{"type":"Polygon","coordinates":[[[-77.71952153399997,39.32132184400007],[-77.75579154599995,39.33390684500006],[-77.75309255099995,39.42326986300003],[-77.80183256999999,39.48940287400006],[-77.86368259099999,39.51503987700005],[-77.83801058899996,39.60613289600008],[-78.00998764299999,39.60290088900007],[-78.10783667799996,39.682144900000026],[-78.17662770099997,39.69597490000007],[-78.26509072299996,39.61928188200005],[-78.35522075199998,39.640583882000044],[-78.46290177799995,39.520847855000056],[-78.56593180999994,39.51945185000005],[-78.68945784999994,39.545777850000036],[-78.79596688699996,39.614212860000066],[-78.95675392499999,39.44027181900003],[-79.08327296699997,39.47138682000008],[-79.214283,39.36348979300004],[-79.42563005499994,39.22573275800005],[-79.48687607299996,39.20596875100006],[-79.47666510499994,39.721085853000034],[-80.51934542599997,39.721410809000076],[-80.51899449399997,40.638808984000036],[-80.62717452499999,40.61994397600006],[-80.66692053399998,40.573671965000074],[-80.59549750499997,40.47527395000003],[-80.59989849399994,40.31767692000005],[-80.66154650699997,40.22980590000003],[-80.73860751899997,40.075679867000076],[-80.75643551299999,39.91393783600006],[-80.82612752899996,39.84424581900004],[-80.86534253399998,39.753258800000026],[-80.88036352899996,39.62071377400008],[-80.93690954599998,39.61262377000003],[-81.18594960899998,39.43073872400004],[-81.34757065199994,39.34577770000004],[-81.45614668999997,39.40928170800004],[-81.55755071499993,39.338781690000076],[-81.57025071399994,39.26768267600005],[-81.67019074499996,39.275970673000074],[-81.75625776399994,39.17728365000005],[-81.74725675499997,39.095385634000024],[-81.80335876899994,39.04768562300006],[-81.78182375599994,38.96494260800006],[-81.84448977299996,38.92875359800007],[-81.93318980399994,38.98766660500007],[-82.03596683799998,39.025485608000054],[-82.14317086099999,38.89808657900005],[-82.14487085699994,38.84048756800007],[-82.21727287599998,38.795687556000075],[-82.18247085899998,38.708789540000055],[-82.18877085299994,38.59499151800003],[-82.29127488299997,38.57899051000004],[-82.34064388799999,38.44095548100006],[-82.529582942,38.405189466000024],[-82.59348396299998,38.42182846600008],[-82.57465994599994,38.26388043600008],[-82.63730995599997,38.13905740900003],[-82.55126292599994,38.07080639900005],[-82.49727489999998,37.92762837300006],[-82.41993287399998,37.88487736800005],[-82.33970884299998,37.78551635100007],[-82.30288982599996,37.69369033400005],[-82.18169478499993,37.62715432600004],[-82.13442776699998,37.56293531500006],[-82.04240073699998,37.53392331300006],[-81.96801571499998,37.53804231700008],[-81.99658171999994,37.476712303000056],[-81.935319699,37.43639729800003],[-81.93674769599994,37.380737287000045],[-81.853554665,37.28770827100004],[-81.76175563699996,37.27572027200006],[-81.67821360699998,37.20149026100006],[-81.56062857199998,37.20667026700005],[-81.41666653299995,37.27322128600008],[-81.36215952099997,37.337694301000056],[-81.22510747299998,37.234881286000075],[-81.11259944199998,37.278504299000076],[-80.947899394,37.29587930900004],[-80.51514227499996,37.478573364000056],[-80.47560425899997,37.422956354000064],[-80.29979221099995,37.50827837800006],[-80.32850722299997,37.56432238800005],[-80.25892220399999,37.595506398000055],[-80.29614122199996,37.69179041600006],[-80.16220519299998,37.87512945800006],[-80.00251015099997,37.992774488000066],[-79.92633313499994,38.10715851400005],[-79.92119913899995,38.180385529000034],[-79.78894810399999,38.26871055200007],[-79.81015711299995,38.306714559000056],[-79.74061809499995,38.35410857200003],[-79.68967808399998,38.431446589000075],[-79.69962508999998,38.47397459700005],[-79.64907808199996,38.59152262300006],[-79.53687304499994,38.55092461900006],[-79.47664102099998,38.45723560300007],[-79.31227896699994,38.41188360000007],[-79.21059394099996,38.49292062000006],[-79.12975992699995,38.65502465600008],[-78.99399989799997,38.850109701000065],[-78.86927885399996,38.76299868800004],[-78.78602783599996,38.88719471600007],[-78.60165778399994,38.96461073900008],[-78.57190377899997,39.03200275300003],[-78.40369973599996,39.167458787000044],[-78.41942474699994,39.25748380400006],[-78.33928672799993,39.34861282600008],[-78.34708973799997,39.46601984800003],[-77.82815955599995,39.132336802000054],[-77.71952153399997,39.32132184400007]]]},"properties":{"shapeName":"West Virginia","shapeISO":"US-WV","shapeID":"66186276B64762166704956","shapeGroup":"USA","shapeType":"ADM1"}},
{"type":"Feature","geometry":{"type":"MultiPolygon","coordinates":[[[[-89.34216841799997,30.059177461000047],[-89.30850940799996,30.039768457000037],[-89.22080538499995,30.071450467000034],[-89.22769538899996,30.119737478000047],[-89.34216841799997,30.059177461000047]]],[[[-92.03185612399994,29.57763526900004],[-91.84646906999996,29.479313254000033],[-91.76826904999996,29.49036725900004],[-91.71324603799997,29.55551527500006],[-91.90315209199997,29.637356286000056],[-92.03185612399994,29.57763526900004]]],[[[-91.16607905999996,33.00411201600008],[-91.95196427299999,33.007433985000034],[-92.79653949899995,33.01484195200004],[-93.49089968299995,33.01844792300005],[-94.04297082799997,33.01922490000004],[-94.04309579799997,32.486566796000034],[-94.04183976999997,31.992407697000033],[-93.97394874799994,31.921673686000076],[-93.89741872699994,31.89444168400007],[-93.87476771699994,31.82166667000007],[-93.82344970099996,31.77510366200005],[-93.79455468999998,31.702081649000036],[-93.83938969599996,31.599080626000045],[-93.78084167699996,31.525389614000062],[-93.74277166699994,31.526863615000025],[-93.66604863799995,31.365206586000056],[-93.68439464099998,31.318517575000044],[-93.58850960799998,31.16558654800008],[-93.54028459299997,31.128873542000065],[-93.55221159399997,31.078936531000068],[-93.50846657999995,31.029446523000047],[-93.56429559299994,30.98960651300007],[-93.53094258099998,30.924539501000027],[-93.57408658999998,30.884534491000068],[-93.58223558899994,30.803122474000077],[-93.62044059299996,30.694243450000045],[-93.68310660699996,30.640768437000077],[-93.733784615,30.531401412000037],[-93.69928360199998,30.437381394000056],[-93.76302861399995,30.344152373000043],[-93.70459059599995,30.28995436300005],[-93.71905259599998,30.208732346000033],[-93.69774358799998,30.15295133500007],[-93.72081158999998,30.053048314000023],[-93.79009360499998,29.986569297000074],[-93.86357661799997,29.85718226800003],[-93.91636663099996,29.824973260000036],[-93.83797760399995,29.69062423400004],[-93.73968658099994,29.735822247000044],[-93.49285651699995,29.768734262000066],[-93.34644547899995,29.762648266000042],[-93.25065145399998,29.777872272000025],[-93.06491340399998,29.74562527100005],[-92.93514036799996,29.704240267000046],[-92.66073929099997,29.59610725300007],[-92.32347119899998,29.531502250000074],[-92.25549518099996,29.540188254000043],[-92.14699415499996,29.58567026700007],[-92.077829136,29.583603269000037],[-92.20331817699997,29.75340730100004],[-92.11585815299998,29.73953730100004],[-92.035672133,29.78166731300007],[-91.88198109499996,29.83545532900007],[-91.85476708499993,29.77946231800007],[-91.78667206499995,29.740465312000026],[-91.627902023,29.74108431700006],[-91.62611901799994,29.62875529300004],[-91.55457699899995,29.635780297000053],[-91.52552898699997,29.551909280000075],[-91.46096896699999,29.46996626400005],[-91.37936694699994,29.512376276000055],[-91.34078793499998,29.491612273000044],[-91.33405692999997,29.391530251000063],[-91.25722191099999,29.438009264000073],[-91.13306987399994,29.34109324700006],[-91.14828087399997,29.241800225000077],[-91.24751290499995,29.368749249000075],[-91.29574891599998,29.30952923500007],[-91.28832991199994,29.25574822300007],[-91.12986086799998,29.220748221000065],[-91.06473684899998,29.18412921500004],[-90.95968282099994,29.18630821800008],[-90.85153378699994,29.07430019700007],[-90.64950973699996,29.171782225000072],[-90.58795072399994,29.271349249000025],[-90.47909369499996,29.29218425600004],[-90.440232687,29.34938027000004],[-90.30760764799999,29.270727257000033],[-90.25923963199995,29.19958824300005],[-90.22287461799993,29.087074219000044],[-90.04996257499994,29.188694247000058],[-90.10807559399996,29.26502626200005],[-89.99755456799994,29.37050928900004],[-89.96873556399999,29.463261310000064],[-89.76801550699997,29.38936730000006],[-89.79059450999995,29.328256286000055],[-89.63966846799997,29.290536282000062],[-89.60597945699999,29.25365527500003],[-89.48284942199996,29.215058270000043],[-89.39965339599996,29.123682252000037],[-89.27649336399998,29.173556267000038],[-89.31975137099994,29.05748224000007],[-89.14695832399997,29.070986248000054],[-89.06662230299997,29.090719255000067],[-89.01837329299997,29.17635827600003],[-89.12200132299995,29.202088278000076],[-89.11510932299996,29.252906290000055],[-89.20039434999995,29.344423307000056],[-89.23537535799994,29.30432029700006],[-89.29289337599994,29.367930310000077],[-89.47014742599998,29.401476312000057],[-89.51233143699994,29.382274306000056],[-89.57210745699996,29.47522232500006],[-89.67716248799996,29.537691335000034],[-89.67474149099996,29.62663835500007],[-89.56539346199997,29.659261366000067],[-89.43077142899995,29.740770388000044],[-89.38361541999996,29.84011041100007],[-89.31266940299997,29.881109423000055],[-89.22555038199994,29.967131444000074],[-89.27523539699996,29.98999444800006],[-89.31763540599997,29.92122443100004],[-89.42354643599998,29.963404437000065],[-89.43043844099998,30.033801452000034],[-89.49152245799996,30.037505451000072],[-89.58009147999996,29.99046043800007],[-89.59643447999997,29.879559413000038],[-89.70528350899997,29.874349408000057],[-89.838505549,29.945821420000073],[-89.85756355599995,30.00444443200007],[-89.81833254799994,30.045735442000023],[-89.72088352199995,30.068364450000047],[-89.62414749899995,30.157390473000078],[-89.52450947299997,30.180758481000055],[-89.57015948599997,30.180302480000023],[-89.64740451199998,30.291299501000026],[-89.62973250899995,30.339292512000043],[-89.68369152699995,30.40587852500005],[-89.68341552899994,30.451798535000023],[-89.75813855099994,30.50540954400003],[-89.84720658299995,30.670043577000058],[-89.83241358299995,30.76451559700007],[-89.76779456999998,30.865582621000044],[-89.74182656999994,31.003446652000036],[-90.38054174299998,30.999877629000025],[-91.10811993999994,30.998862603000077],[-91.63694808199995,30.99942158400006],[-91.56440306499996,31.038970595000023],[-91.62422308499998,31.13373461300006],[-91.58905207799995,31.178591624000035],[-91.63767809599995,31.267685640000025],[-91.51858406399998,31.275288646000035],[-91.54897307599998,31.347260660000074],[-91.47207105699994,31.395930673000066],[-91.51337207099994,31.444401682000034],[-91.51396907599997,31.53208970000003],[-91.44392205699995,31.542471705000025],[-91.39792105299995,31.709369741000046],[-91.365040046,31.74818975000005],[-91.34572004599994,31.842866771000047],[-91.26811802599997,31.85306677600005],[-91.180616005,31.917964793000067],[-91.18831600999994,31.960963801000048],[-91.07591398199997,32.01683381700008],[-91.09871398999996,32.04836082300005],[-91.03471297599998,32.10105883600005],[-91.16282801199998,32.132699838000065],[-91.16417701599994,32.19689385100003],[-91.03901298399995,32.24235486500004],[-90.97948097099999,32.29370787800008],[-91.02961199199996,32.43354790500007],[-91.09531401099997,32.458746907000034],[-91.09374701599995,32.549133926000025],[-91.15208703599995,32.641513943000064],[-91.05448701399996,32.72226496300004],[-91.16497404699999,32.761989967000034],[-91.14500804599999,32.842875984000045],[-91.07060802799998,32.888664996000045],[-91.13131004699994,32.926925002000075],[-91.20826906699995,32.91535999600006],[-91.16607905999996,33.00411201600008]]]]},"properties":{"shapeName":"Louisiana","shapeISO":"US-LA","shapeID":"66186276B41335105066757","shapeGroup":"USA","shapeType":"ADM1"}},
{"type":"Feature","geometry":{"type":"MultiPolygon","coordinates":[[[[-83.88287204999995,45.97546174100006],[-83.71943399399998,45.93408674300008],[-83.64447897199994,45.947786750000034],[-83.51582892799996,45.92362575300007],[-83.47322592099994,45.98442976500007],[-83.62962398499997,46.10357477500003],[-83.67169399299996,46.05493876500003],[-83.80610202699995,45.98388474600006],[-83.88287204999995,45.97546174100006]]],[[[-84.59024525399997,45.81280967500004],[-84.50079021699997,45.73723566800004],[-84.41963218899997,45.720102670000074],[-84.35595017499998,45.77069968100005],[-84.50614322699994,45.81092367900004],[-84.59024525399997,45.81280967500004]]],[[[-85.628226553,45.601753581000025],[-85.56066352799996,45.57159258000007],[-85.49173251099995,45.607535590000055],[-85.50670953399998,45.75521561200003],[-85.60488655499995,45.68194059500007],[-85.628226553,45.601753581000025]]],[[[-86.82483349999995,41.76024787800003],[-85.79136819199994,41.75905893300006],[-84.80588789599994,41.76022398400005],[-84.80597689099994,41.69612597300005],[-84.20223719299997,41.71104665400003],[-83.45383648399996,41.73265504800003],[-83.44167248699995,41.80865406200007],[-83.32028446099997,41.93257109000007],[-83.17089442299994,42.01816311300007],[-83.13351541799994,42.08815112700006],[-83.12636542899997,42.23842015500003],[-83.06364141699999,42.316865172000064],[-82.92397437699998,42.352076185000044],[-82.86766836899994,42.45371920600007],[-82.87442037699998,42.52354321800004],[-82.78151835299997,42.571642231000055],[-82.81352236899994,42.64084124100003],[-82.70096833899999,42.68955625500007],[-82.65289432099996,42.65058525100005],[-82.66133231599997,42.568631236000044],[-82.60574629699994,42.54817523500003],[-82.52537827699996,42.605661249000036],[-82.46748727399995,42.76191828000003],[-82.48257828299995,42.80865228700003],[-82.45557828499994,42.926859309000065],[-82.41347827699997,42.97689532000004],[-82.48604631099994,43.10249433900003],[-82.52309033399996,43.22536935800008],[-82.53709535799999,43.43306039300006],[-82.59876639299995,43.59366841800005],[-82.63364542699998,43.831232457000056],[-82.73899647599995,43.989514478000046],[-82.92888854299997,44.069397482000056],[-83.04658157399996,44.01571846600007],[-83.26247563799996,43.97532344800004],[-83.40526866799996,43.841332418000036],[-83.48524968099997,43.71449639200006],[-83.52419469299997,43.71690339100007],[-83.64709071999994,43.604721365000046],[-83.85561178799998,43.64671236100003],[-83.91255080899998,43.677353363000066],[-83.95233282999999,43.76068137500005],[-83.91635082399995,43.81093538600004],[-83.90863383199996,43.915568404000055],[-83.83309381599997,43.98809442000004],[-83.68038476899994,43.98655542800003],[-83.67965877399996,44.036373436000076],[-83.56907774599995,44.10480145400004],[-83.54910075299995,44.227290475000075],[-83.50884374499998,44.27371948500007],[-83.42576671899997,44.27249548900005],[-83.33253769699996,44.340472506000026],[-83.30698970999998,44.54224354100006],[-83.31452171899997,44.60873355100006],[-83.27139271699997,44.713368571000046],[-83.32050775,44.880579596000075],[-83.44372279699996,44.95225560100005],[-83.45553980799997,45.02509061200004],[-83.27835675499995,45.045793625000044],[-83.31362477499994,45.12564363600006],[-83.41227781799995,45.23983664900004],[-83.38219181199997,45.270627656000045],[-83.463395844,45.33065366100004],[-83.63070590099994,45.365003657000045],[-83.715994933,45.414889661000075],[-83.77117794999998,45.40699665600005],[-83.90947700199996,45.48579266100006],[-84.08976305999994,45.49444165300008],[-84.21527311499995,45.63477566800003],[-84.32954215499996,45.664388666000036],[-84.46163819499998,45.65308765700007],[-84.72886529499993,45.78815366300006],[-84.94044735299997,45.725399640000035],[-85.11864239099998,45.57518360600005],[-85.09373037199998,45.48157259300007],[-85.03695534899998,45.434910589000026],[-84.91585530699996,45.39312358900003],[-85.04310634299998,45.36151457700004],[-85.13794737299997,45.37349657300007],[-85.30069841799997,45.32129155600006],[-85.37159843399996,45.27084254300007],[-85.38814542999995,45.19153953000006],[-85.36349541299995,45.11163251800008],[-85.40960140399994,44.90514448300007],[-85.52719742199997,44.747508451000044],[-85.64078645999996,44.775569449000045],[-85.64546147399994,44.883653466000055],[-85.60068446499997,44.924506475000044],[-85.58253547599998,45.067660499000056],[-85.61391049199995,45.12309550600003],[-85.74458252399995,45.05339848700004],[-85.80740853099996,44.94982246700005],[-85.93859457399998,44.96456746100006],[-85.98022457999997,44.906144450000056],[-86.06675060599997,44.905693445000054],[-86.08956959399995,44.74199241700006],[-86.23248763399994,44.70605840300004],[-86.25903463699996,44.663662395000074],[-86.22133161399995,44.56545938100004],[-86.26631460399994,44.35107334400004],[-86.42987662699994,44.119790297000065],[-86.51470764599998,44.058127282000044],[-86.46314162099998,43.97098427000003],[-86.43392059899998,43.85561625300005],[-86.46155959599997,43.74669323400008],[-86.52918460899997,43.677897218000055],[-86.53850260499996,43.61750920800006],[-86.47928157599995,43.515343194000025],[-86.42704954499999,43.37494917400005],[-86.25465146299996,43.08341713500005],[-86.22058743899998,42.95579911500005],[-86.20865940899995,42.69209807100003],[-86.24708339999995,42.49097703500007],[-86.29717340199994,42.35821500900005],[-86.35622340899994,42.25417398800005],[-86.48902843499997,42.116231957000025],[-86.58220244599994,41.94224892200003],[-86.68445546599997,41.84018689900006],[-86.82483349999995,41.76024787800003]]],[[[-89.26280698399995,47.869872685000075],[-89.16205494599996,47.823572685000045],[-88.95143188999998,47.879214707000074],[-88.89919088499994,47.95330872100004],[-88.67007982299998,48.01145474500004],[-88.56694480299996,48.09372776400005],[-88.41988176899997,48.170739784000034],[-88.54703980899995,48.174899776000075],[-88.895075895,48.029067732000044],[-89.17916096899995,47.935038700000064],[-89.26280698399995,47.869872685000075]]],[[[-90.41814314199996,46.56610242000005],[-90.32735311299996,46.55113342400006],[-90.21660107299994,46.501767425000025],[-90.12049601999996,46.336860407000074],[-89.091636683,46.13851344700004],[-88.78016257199994,46.015403449000075],[-88.65776653199998,45.98929545300007],[-88.51460749199998,46.01993446600005],[-88.29238741599994,45.95112347000003],[-88.25482240599996,45.963546475000044],[-88.10291435399995,45.921877478000056],[-88.069891338,45.87272547300006],[-88.13507335099996,45.82170246100003],[-88.07209732599995,45.78026945900007],[-87.87581926299998,45.75389646700006],[-87.81015023799995,45.71023846400004],[-87.82317023599995,45.66274045600005],[-87.774688213,45.60203245000008],[-87.81298220699995,45.464167426000074],[-87.86170321799995,45.434481419000065],[-87.85042420399998,45.34750040600005],[-87.64813214099996,45.339404417000026],[-87.68750414799996,45.298063409000065],[-87.73521614799995,45.17765038700003],[-87.65995811599998,45.10752038100003],[-87.59204709399995,45.09426038300006],[-87.59982010299996,45.150482391000025],[-87.53975409099996,45.19415840200003],[-87.32584005499996,45.43004845100006],[-87.25222204899995,45.567711477000046],[-87.17224703699998,45.66179649700007],[-87.07044801199999,45.71878751200006],[-87.05744501999999,45.81249152700008],[-87.00508600699999,45.83172653300005],[-86.98459398399996,45.70582051500003],[-86.86640594899995,45.71023952300004],[-86.77328493299996,45.811393544000055],[-86.66183290099997,45.834221555000056],[-86.58232888399993,45.89612156900006],[-86.52801986199995,45.85326256600007],[-86.58635087099998,45.778808551000054],[-86.71835489799997,45.668269526000074],[-86.61764586099997,45.61878852400008],[-86.58094186099999,45.71192854100008],[-86.42483382299997,45.78975556200004],[-86.35611580199998,45.79266856700008],[-86.32423780599999,45.90608858600007],[-86.19662377299994,45.963193603000036],[-86.05096172799995,45.96221361200003],[-85.92602268599995,45.93211261400006],[-85.89320167999995,45.96726162200008],[-85.65248160499993,45.96851563600006],[-85.50621557499994,46.09640166500003],[-85.32552751799994,46.09025367500004],[-85.00360240699996,46.00613868100004],[-84.91358936899996,45.92587667400005],[-84.74846630699994,45.83975767000004],[-84.70638829499995,45.848666673000025],[-84.73885431599996,45.94580068700003],[-84.687327311,46.034888704000025],[-84.56389627199997,46.03246771100004],[-84.53044925599994,45.99139370600005],[-84.44114622999996,46.00724171400003],[-84.35511719499993,45.93976170800005],[-84.23276116099998,45.97673372100007],[-84.01757009099998,45.95905473000005],[-83.92232706199997,45.967367737000075],[-83.90858806299997,46.01147974500003],[-84.01989510199996,46.04801074400007],[-84.07174612399996,46.092449748000035],[-84.02963911499995,46.134547757000064],[-84.14562715699998,46.17916475800007],[-84.22100617899997,46.16307075100008],[-84.27302319999995,46.20145975400004],[-84.20801818499996,46.24602176500008],[-84.12209715599994,46.228645767000046],[-84.14617718599999,46.41852879500004],[-84.11123018599994,46.50412781000006],[-84.22613622599994,46.53392880800004],[-84.25443923099994,46.500829801000066],[-84.42027928299996,46.501085792000026],[-84.55150131499994,46.418530771000064],[-84.63102534799998,46.48487677700007],[-84.80010639699998,46.446227761000046],[-84.86145341899999,46.46993876100004],[-85.01521646899994,46.47972075300004],[-85.03706149099997,46.60100377100008],[-85.03629151099994,46.76044379500007],[-85.25686557899996,46.75338878100007],[-85.48210164099999,46.68044075600005],[-85.58735067299995,46.67463574900006],[-85.87791376699994,46.690922734000026],[-86.087944828,46.65532871500005],[-86.13830084599994,46.67294371500003],[-86.55135795099994,46.49557266200003],[-86.62940496599998,46.424082647000034],[-86.78993602299994,46.47630664500008],[-86.875157044,46.43728863300004],[-87.00873009799994,46.532731639000076],[-87.11664012699998,46.494816627000034],[-87.25873816999996,46.48826361700003],[-87.35941620299997,46.50346061300007],[-87.39298022199995,46.57253162100005],[-87.50303126699998,46.647505625000065],[-87.63330632899994,46.81211564100005],[-87.74102036999994,46.86525564200008],[-87.89765942399998,46.90891563800005],[-88.08187648199998,46.92046662800004],[-88.31029654799994,46.889756609000074],[-88.43384157299994,46.793510586000025],[-88.48430559399998,46.832511589000035],[-88.44390760099998,46.97225961200007],[-88.36763058399998,47.01922162400007],[-88.21236756299999,47.20943166200004],[-88.16636154999998,47.21554266600003],[-88.06009652899996,47.295804684000075],[-87.81537746499998,47.384798713000066],[-87.71594844199996,47.439824728000076],[-87.80119047399995,47.47330972700007],[-88.04029754799996,47.47600771100008],[-88.21577059899994,47.450161696000066],[-88.42587365199995,47.368330670000034],[-88.57400367999998,47.24599764300007],[-88.65636570199996,47.22563263400008],[-88.76131972499996,47.156758618000026],[-88.88914675599995,47.10058360100004],[-88.95081776199999,47.014111584000034],[-89.11834581099998,46.994228570000075],[-89.22792083199994,46.91296255100008],[-89.42533788199995,46.84146052700004],[-89.61933593799995,46.81889851100004],[-89.67338195599996,46.83323750900007],[-89.84865900399996,46.795719492000046],[-90.02839904099994,46.674398462000056],[-90.16403307699994,46.64552344900005],[-90.41814314199996,46.56610242000005]]]]},"properties":{"shapeName":"Michigan","shapeISO":"US-MI","shapeID":"66186276B37442548568489","shapeGroup":"USA","shapeType":"ADM1"}},
{"type":"Feature","geometry":{"type":"MultiPolygon","coordinates":[[[[-70.23405426099998,41.28566149200003],[-70.11866922099995,41.242359486000055],[-70.01522518699994,41.23797248900007],[-69.96027717199996,41.27873949800005],[-70.02038019599996,41.36901451400007],[-70.08207221199996,41.29910149900007],[-70.23405426099998,41.28566149200003]]],[[[-70.83877746199994,41.347217485000044],[-70.80208344799996,41.31421548000003],[-70.69111241399997,41.34430548900008],[-70.44826233499998,41.35365949800007],[-70.45043133899998,41.420711511000036],[-70.54756737099996,41.41583950800003],[-70.60355539199998,41.48239251900003],[-70.70096442199997,41.43401850600003],[-70.76890143899993,41.35325448900005],[-70.83877746199994,41.347217485000044]]],[[[-73.26495833699994,42.745948671000065],[-73.50814337399999,42.08626553900007],[-73.48731536499997,42.04964653300004],[-72.99955020499993,42.03866154800005],[-71.80065081399994,42.023577585000055],[-71.79924281299998,42.008073582000065],[-71.38140167699999,42.018806598000026],[-71.38170066899994,41.89320757400003],[-71.32789664499995,41.78050955400005],[-71.22479860799996,41.710506544000054],[-71.19564059599998,41.67509853800004],[-71.13288857499998,41.66011053700004],[-71.12057056199995,41.49745650600005],[-71.04101353599998,41.49754250800004],[-70.93456250399998,41.548754521000035],[-70.93045650599998,41.61327953400007],[-70.81027946799998,41.62488154000005],[-70.71423044099998,41.70173955800004],[-70.63074240999998,41.65023055100005],[-70.66805741599995,41.532908527000075],[-70.49324435999995,41.552052536000076],[-70.43724634499995,41.60533754800008],[-70.33806731399994,41.636346557000024],[-69.93374618399997,41.67863957700007],[-69.94531419699996,41.845230609000055],[-70.06431423199996,41.77285359200005],[-70.29095730399996,41.73432057700006],[-70.47155236399993,41.76157157700004],[-70.54103038999995,41.81576258500007],[-70.54397539699994,41.92628760700006],[-70.69898145099995,41.987111613000025],[-70.64016943799999,42.088641635000045],[-70.76277348699995,42.25035166200007],[-70.87087352499998,42.28567666500004],[-70.95458054999995,42.25439865700008],[-71.04133358199994,42.30293466300003],[-70.97418356299994,42.36957367800005],[-70.96076356299994,42.44601969300004],[-70.84738752899995,42.493899706000036],[-70.86806553899999,42.54837971500007],[-70.63563546499995,42.60025173200006],[-70.69123148699998,42.65579874100007],[-70.77608351699996,42.69127274500005],[-70.81729654099996,42.87229877800007],[-70.93079957899994,42.88459777600008],[-71.03120161099997,42.85909776800003],[-71.06420161899996,42.80629775800003],[-71.13250364199996,42.821397758000046],[-71.29420568799998,42.696998730000075],[-71.98140291499993,42.71330271000005],[-72.45852007199994,42.72686169600007],[-73.26495833699994,42.745948671000065]]]]},"properties":{"shapeName":"Massachusetts","shapeISO":"US-MA","shapeID":"66186276B15934532614691","shapeGroup":"USA","shapeType":"ADM1"}},
{"type":"Feature","geometry":{"type":"Polygon","coordinates":[[[-116.91600259499995,45.99541908100008],[-116.78268953499997,45.82538208100004],[-116.69720551799998,45.82014108900006],[-116.59301748999997,45.77854709600007],[-116.46364843099997,45.60279109500004],[-116.557600429,45.503223078000076],[-116.67380641499994,45.32151705200005],[-116.72962038999998,45.14209703300003],[-116.84795738899999,45.022608012000035],[-116.82628437699998,44.982499010000026],[-116.85244036399996,44.887583],[-116.93071335999997,44.78988698500007],[-117.03828337199997,44.74818497100006],[-117.14604535799998,44.56860894700003],[-117.22577135499995,44.47722893200006],[-117.24268834399999,44.396553924000045],[-117.18978232299997,44.33659092400006],[-117.17035530499999,44.258895919000054],[-117.10422129699998,44.27994592700003],[-117.05652327899998,44.230879928000036],[-116.89409623699999,44.16019693700008],[-116.97319823099997,44.04943092100007],[-116.93449821899998,44.021254922000026],[-117.02664719799998,43.80811589600006],[-117.02669606399996,43.02488182900004],[-117.02664436099997,42.552228710000065],[-117.02620989899998,41.999895740000056],[-116.36849077899996,41.99628679600005],[-115.569987815,41.99684158600007],[-115.03179552999995,41.996013910000045],[-114.831089492,42.00221292700007],[-114.59827944699998,41.99451694600003],[-114.04148933899995,41.99387899300007],[-113.84334929999994,41.98844800900008],[-112.77506709,41.99981210000004],[-112.17315996899998,42.00152115000003],[-112.153859964,41.99723215100005],[-111.04672573699997,42.00170824200006],[-111.04357584499996,42.722630321000054],[-111.04535077699995,43.54333022700007],[-111.05244613599996,44.47841750200007],[-111.13067115599995,44.500137497000026],[-111.22405819799997,44.62489450100003],[-111.33736724099998,44.73317650200005],[-111.466158265,44.71346648800005],[-111.52521025799996,44.60520647200008],[-111.58651926299996,44.562663463000035],[-111.70416428799996,44.559654452000075],[-111.82154230299994,44.50894743600003],[-111.87037732299996,44.563537437000036],[-112.032719354,44.54664842100004],[-112.10157636399998,44.520853412000065],[-112.28605340999997,44.568611400000066],[-112.35422241899994,44.53564439000007],[-112.38735140999995,44.44760337900004],[-112.71912248799998,44.50435035400005],[-112.839439498,44.425125336000065],[-112.85509848999999,44.35997632800007],[-113.005071537,44.45372632300007],[-113.06777358999994,44.67879233900004],[-113.10160960599995,44.729394340000056],[-113.24761565299997,44.82286733500007],[-113.35607467499995,44.819804325000064],[-113.45508370299996,44.86543032000003],[-113.49838572599998,44.94169132300004],[-113.44440071799994,44.95875132900005],[-113.45205673799995,45.05918033800003],[-113.57664477699996,45.13152433300007],[-113.59192378999995,45.18419333600008],[-113.69249782499998,45.26344633400004],[-113.77416586899994,45.40655333900003],[-113.77268188899995,45.51426134800005],[-113.83447190299995,45.52109834300006],[-113.80741791299994,45.60278935300005],[-113.91949294699998,45.65786634700004],[-114.01533996699999,45.663427338000076],[-114.13619496999996,45.55702531700007],[-114.24707698599997,45.52516230400005],[-114.34419699299997,45.45968928900004],[-114.43058702399998,45.529516287000035],[-114.55833805999998,45.58428427900003],[-114.56351006999995,45.632304282000064],[-114.49958906499995,45.66961029200007],[-114.504188076,45.721665296000026],[-114.56647809799995,45.77331629400004],[-114.50931610099997,45.84553730600004],[-114.38857008499997,45.88219532100004],[-114.47411312399998,45.99225332200007],[-114.52052615999997,46.12491632800004],[-114.44596115499996,46.17390734000003],[-114.45186516999996,46.240679345000046],[-114.42222519399996,46.38733736000006],[-114.37235319499996,46.44281636900007],[-114.32113122799996,46.64752039100006],[-114.36100223999995,46.66891638900006],[-114.46710825399998,46.63177037500003],[-114.61416328499996,46.639065361000064],[-114.62153930099998,46.70788536600003],[-114.92074438599997,46.82708934600004],[-114.93673740399998,46.89733535000005],[-115.00128743299996,46.97190734900005],[-115.05021444399995,46.98123634500007],[-115.14435448899997,47.101983345000065],[-115.24527851999994,47.15175733800004],[-115.32353055899995,47.25632733800006],[-115.52852460799994,47.29932032100004],[-115.549087623,47.34721132200008],[-115.74794668299995,47.441681309000046],[-115.68627768099998,47.48494631800003],[-115.754350709,47.55260631600004],[-115.68856370599997,47.59433932600007],[-115.72280273599995,47.69473133000008],[-115.82500676899997,47.75237932400006],[-115.845095787,47.81490932600008],[-115.91878581099996,47.85366232100006],[-116.04912186499996,47.97684831600003],[-116.049168985,48.48125335200007],[-116.04910011299995,49.000852388000055],[-117.03236530399994,48.99919428100003],[-117.03519214899995,48.37088423900008],[-117.04267100499999,47.76086319600006],[-117.03979227099995,47.04894362300007],[-117.03982670799996,46.42543110100007],[-117.05599669399999,46.345537093000075],[-116.986701671,46.296668096000076],[-116.92188363199995,46.16781409300006],[-116.978951624,46.08001308100006],[-116.91600259499995,45.99541908100008]]]},"properties":{"shapeName":"Idaho","shapeISO":"US-ID","shapeID":"66186276B48953429733047","shapeGroup":"USA","shapeType":"ADM1"}},
{"type":"Feature","geometry":{"type":"MultiPolygon","coordinates":[[[[-81.81579612299998,24.562743345000058],[-81.68524608499996,24.558680346000074],[-81.51077103599994,24.625673367000047],[-81.296897974,24.65538637900005],[-81.37182499899995,24.77909340900004],[-81.44351302099994,24.81336841600006],[-81.75428410699999,24.654047369000068],[-81.72199809699998,24.60665835800006],[-81.81579612299998,24.562743345000058]]],[[[-85.22230025399995,29.679586504000042],[-85.14101422899995,29.63404349600006],[-85.114272224,29.688663509000037],[-85.22230025399995,29.679586504000042]]],[[[-85.00250324599995,31.000687810000045],[-85.89354749899996,30.993472780000047],[-86.51994267599997,30.993250759000034],[-87.14075984999994,30.99953774000005],[-87.59893297799994,30.99746272400006],[-87.58919197399996,30.964469717000043],[-87.63494298199998,30.865891694000027],[-87.53261194799995,30.743494670000075],[-87.40696290999995,30.67517065900006],[-87.39359290399995,30.63088565000004],[-87.44659091499994,30.52707362500007],[-87.43558290999994,30.480501615000037],[-87.37117388999997,30.43049560600008],[-87.44068290699994,30.391503595000074],[-87.45096690799994,30.346267585000078],[-87.51832892399995,30.280440568000074],[-87.31439686899995,30.321474584000043],[-87.15539682499997,30.327753590000043],[-86.87596674899999,30.377676611000027],[-86.62512467899995,30.396638623000058],[-86.31400259099996,30.366395626000042],[-86.08996752499996,30.303574619000074],[-85.94765148199997,30.249081611000065],[-85.77540942999997,30.156295595000074],[-85.69967940599997,30.09872858500006],[-85.59561537499997,30.050588577000042],[-85.51492234899996,29.977321563000032],[-85.40505631599996,29.938492557000075],[-85.30084528099997,29.798974529000077],[-85.31241927999997,29.692280504000053],[-85.24107325999995,29.67680750200003],[-85.18794924499997,29.699640509000062],[-84.97700818599998,29.721214520000046],[-84.91511417099997,29.78330853700004],[-84.88178115999995,29.733887526000046],[-84.79841313699995,29.768927537000025],[-84.535877068,29.910097577000045],[-84.45170904499997,29.92909058400005],[-84.37750202199999,29.893401578000066],[-84.33595701099995,29.912967584000057],[-84.36611902399994,30.008667605000028],[-84.23701798999997,30.08556562600006],[-84.15728196599997,30.072719626000037],[-84.02427792999998,30.10327663700008],[-83.925367898,30.034573624000075],[-83.68079482399997,29.921579605000034],[-83.58683979299997,29.81894658400006],[-83.54248877699996,29.72815756400007],[-83.406440735,29.650330550000035],[-83.39574572699996,29.52631952200005],[-83.218078672,29.420497502000046],[-83.14976764699998,29.289773473000025],[-83.07473762399997,29.24798046500007],[-83.05654561499995,29.12991443800007],[-82.99858259999996,29.174129450000066],[-82.834219551,29.154925450000064],[-82.76375452799994,29.05452342800004],[-82.76405852599999,28.999712415000033],[-82.68886750099995,28.905614395000043],[-82.73869851199998,28.82480137500005],[-82.69197549699999,28.788861367000038],[-82.715030502,28.726976352000065],[-82.67771448899998,28.654836336000074],[-82.65275847699996,28.53776330900007],[-82.75733749699998,28.228284232000078],[-82.80454950899997,28.17609821800005],[-82.78132750099996,28.127596207000067],[-82.79298949999998,28.006496178000077],[-82.83268250999998,27.958010165000076],[-82.84212350899998,27.843965137000055],[-82.73802547499997,27.706812107000076],[-82.63982344599998,27.703912108000054],[-82.58874943599994,27.830435140000077],[-82.64372645399999,27.909713158000045],[-82.72012547699995,27.936404163000077],[-82.66820746399998,28.01593818300006],[-82.55392142999995,27.96700317400007],[-82.53862142199995,27.864906150000024],[-82.41532138799994,27.900383162000026],[-82.39338637899994,27.837524147000067],[-82.43463838899999,27.764360128000078],[-82.51426840999994,27.70559311200003],[-82.57745342499999,27.59956108500006],[-82.64134944099999,27.52551306500004],[-82.71062445999996,27.501720058000046],[-82.66108144299994,27.41260803700004],[-82.52203539799996,27.228379996000058],[-82.445721371,27.060638957000037],[-82.24989130499995,26.762950888000034],[-82.14507427599995,26.788838897000062],[-82.18120129,26.92136792900004],[-82.11655327299997,26.963320940000074],[-82.05808325299995,26.872190919000047],[-82.05507924999995,26.802456902000074],[-82.09135825699997,26.66677586800006],[-82.14255727099999,26.64391586100004],[-82.12249426299996,26.554998840000053],[-82.01031022899997,26.520764834000033],[-81.86898618399994,26.378652802000033],[-81.83314517199994,26.29452278100007],[-81.80175115699996,26.091409731000056],[-81.68954311799996,25.852714674000026],[-81.60496809499995,25.89208168600004],[-81.41504303699998,25.784354663000045],[-81.29033099799994,25.687510641000074],[-81.27149199099995,25.61434462300008],[-81.20317796899997,25.53416460400007],[-81.12305094199996,25.37912056700003],[-81.17204695199996,25.222280526000077],[-81.08393292399995,25.116198501000042],[-80.90057987099993,25.139673510000023],[-80.79354684099997,25.17642352200005],[-80.65768280099996,25.169564523000076],[-80.57956377899995,25.212098535000052],[-80.44268673899995,25.191651533000027],[-80.46134474299998,25.132491517000062],[-80.40005972399996,25.106030512000075],[-80.25301768699995,25.33835057400006],[-80.34416871199994,25.276576557000055],[-80.32792670999999,25.396839588000034],[-80.34014071599995,25.469941606000077],[-80.23786069199997,25.72723267400005],[-80.13069966199998,25.764273685000035],[-80.10877766399994,26.090092768000034],[-80.03616065699998,26.602590899000063],[-80.03136466099994,26.79634394800007],[-80.09391168599996,27.018592002000048],[-80.26146474599994,27.394358091000072],[-80.38345779199994,27.74002917300004],[-80.55785585399997,28.071830250000062],[-80.60682587499997,28.296409304000065],[-80.59415187499997,28.395328328000062],[-80.52509685699994,28.459459345000027],[-80.57424287499998,28.585344375000034],[-80.70972791999998,28.75669741300004],[-80.96617900899997,29.147965500000055],[-81.16358408099995,29.55529559100006],[-81.24037010999996,29.739473633000046],[-81.26556012199995,29.858735660000036],[-81.30898113899997,29.96944568500004],[-81.38092717099994,30.256814751000036],[-81.41438218999997,30.486709803000053],[-81.44189220199996,30.601390829000024],[-81.44412720699995,30.70971985400007],[-81.56071224099998,30.71169485100006],[-81.73223029299999,30.749639855000055],[-81.94979035899996,30.82749886600004],[-82.03897038199995,30.749267846000066],[-82.04951038099995,30.655553824000037],[-82.00548036499998,30.563500804000057],[-82.04792036899994,30.363270756000077],[-82.16176040199997,30.357856751000043],[-82.20415441599994,30.401335760000052],[-82.21484242599996,30.568596799000034],[-82.93992163799999,30.61259771600004],[-83.49987980099996,30.645676777000062],[-84.15521367099996,30.679530819000036],[-84.86469719499996,30.71154775000008],[-84.91432621099995,30.753596757000025],[-84.93541722199996,30.882486786000072],[-85.00250324599995,31.000687810000045]]]]},"properties":{"shapeName":"Florida","shapeISO":"US-FL","shapeID":"66186276B65591139260314","shapeGroup":"USA","shapeType":"ADM1"}},
{"type":"Feature","geometry":{"type":"Polygon","coordinates":[[[-104.05303831299994,43.000593921000075],[-104.05311724099994,42.49997085600006],[-104.052709172,41.99867979100003],[-104.05248810799998,41.51576072700004],[-104.05325904199998,41.00141265800005],[-102.96071578099998,41.00206573600008],[-102.05162355999994,41.002383801000065],[-102.05152850199994,40.52010073200006],[-102.05175344199995,40.003084657000045],[-101.40996228499995,40.002360700000054],[-100.46878205199994,40.00173076300007],[-99.75684387399997,40.001348810000025],[-98.71041260899995,40.00218687700004],[-97.83838738499998,40.001916933000075],[-97.04967117899997,40.00132998300006],[-96.15425394399995,40.000457038000036],[-95.30829771899994,40.00000509000006],[-95.41359575099995,40.038431090000074],[-95.398674756,40.126426105000064],[-95.48254778499995,40.192290110000044],[-95.46972578599997,40.227915117000066],[-95.55628281299994,40.270768119000024],[-95.62271183799999,40.340863126000045],[-95.69465887099994,40.47145914200007],[-95.75711789399998,40.525997147000055],[-95.76565290299999,40.58521515600006],[-95.78657591599995,40.65726016600007],[-95.84280893299996,40.677503166000065],[-95.88669795199996,40.74210817300008],[-95.84662794399998,40.76862618000007],[-95.812090948,40.88424620100005],[-95.869493977,41.00940621700005],[-95.86479699499995,41.18830524500004],[-95.92749901399998,41.20220524300004],[-95.88309701499998,41.316704264000066],[-95.95489903799995,41.35180326500006],[-95.92572104299995,41.45938928400005],[-96.00471606499997,41.47234928000006],[-96.09201609599995,41.53391728400004],[-96.11775912099995,41.69422830700006],[-96.064887119,41.79623732700003],[-96.16176415799998,41.90182733600005],[-96.12951315699996,41.97168034900005],[-96.19214917599999,41.984468347000075],[-96.26764420899997,42.09618435900006],[-96.34776023899997,42.16681336400006],[-96.32373124099996,42.22989437500007],[-96.41390327899995,42.34340038600004],[-96.39611529099994,42.48410240900006],[-96.44551630499996,42.490637406000076],[-96.548799337,42.52055440400005],[-96.60347634899995,42.50446739800003],[-96.70930839,42.60376040500006],[-96.68779638999996,42.64599941300003],[-96.80218642399996,42.67224440900003],[-96.80623142899998,42.704161413000065],[-96.97912848199996,42.76009741000007],[-97.13133952399994,42.77193640100006],[-97.21883355699998,42.845855406000055],[-97.30668558299999,42.86761140300007],[-97.44228761699998,42.84623139000007],[-97.61181966299995,42.85837438000004],[-97.68651468099995,42.84244237200005],[-97.84527872599995,42.86774136500003],[-97.95015574099995,42.76962634300003],[-98.03504276299998,42.76421233600007],[-98.12749779399996,42.82013433800006],[-98.46736489999995,42.94756333200007],[-98.498558915,42.998567337000054],[-99.19520809699998,42.99811428700008],[-99.91841028399995,42.998064234000026],[-100.67128994499996,42.998128371000064],[-101.62543371599997,42.99624510600006],[-102.79212100599995,42.99998701800007],[-103.40458915599999,43.00074397100008],[-104.05303831299994,43.000593921000075]]]},"properties":{"shapeName":"Nebraska","shapeISO":"US-NE","shapeID":"66186276B73402293045483","shapeGroup":"USA","shapeType":"ADM1"}},
{"type":"Feature","geometry":{"type":"MultiPolygon","coordinates":[[[[-122.76995411599995,48.22755360000008],[-122.67957108299998,48.15511860600003],[-122.61272807299997,48.155908614000055],[-122.596678038,48.02576760900007],[-122.47267500899994,47.98845462100007],[-122.44553398999994,47.930231621000075],[-122.34961198199994,47.958801633000064],[-122.37627400499997,48.03446263400008],[-122.53896803499998,48.05023761700005],[-122.58579307499997,48.182357618000026],[-122.62836709199996,48.22247261500007],[-122.61848110899996,48.29416462000006],[-122.50658309499994,48.31004663300007],[-122.66467414299996,48.40151362000006],[-122.67374613299995,48.35468861700008],[-122.76995411599995,48.22755360000008]]],[[[-122.94574820699995,48.477772592000065],[-122.80483417299996,48.43158260600006],[-122.78997718999995,48.50796361100004],[-122.89087421899995,48.55821860200007],[-122.94574820699995,48.477772592000065]]],[[[-123.03035725999996,48.62989559000005],[-122.947561238,48.59721559700006],[-122.81572721999999,48.60562661300003],[-122.74196622199997,48.662256624000065],[-122.89273325999994,48.71442060900006],[-123.03035725999996,48.62989559000005]]],[[[-123.20332427799997,48.59555456800007],[-123.132995242,48.49831457200003],[-123.02308321399994,48.456920582000066],[-122.99783023099997,48.53674058900003],[-123.10531626999995,48.62264858100008],[-123.20332427799997,48.59555456800007]]],[[[-117.03236530399994,48.99919428100003],[-117.88441246599996,48.99991818700005],[-118.50374862499996,49.00036542700008],[-119.18074372899997,49.00029648200007],[-120.00121384999994,48.99942395100004],[-120.85157589799996,49.00028593500008],[-121.75126714799995,48.99740475300007],[-122.75803531399998,49.00236263800008],[-122.74661129299994,48.93073663600006],[-122.78567428699995,48.88507162900004],[-122.70685025299997,48.80234163400007],[-122.60815422699994,48.762778644000036],[-122.53581821899996,48.776133653000045],[-122.50995018599997,48.66437465000007],[-122.42528615499998,48.59952765700007],[-122.46887415099997,48.55727465000007],[-122.47762112999999,48.46832064400007],[-122.53737013899996,48.466754637000065],[-122.61519816599997,48.52143263100004],[-122.66828716499998,48.48627662400003],[-122.50583210699995,48.35943163600007],[-122.405008082,48.32334764500007],[-122.40653106399998,48.25183564200006],[-122.53101108299995,48.24982662700006],[-122.53723506799997,48.18375062300004],[-122.36833404799995,48.21461464400005],[-122.361664024,48.120181640000055],[-122.21899697599997,48.02028165100006],[-122.23006096599994,47.970922647000066],[-122.30706297299997,47.94912263700007],[-122.33995895299995,47.84672362800006],[-122.39565195199998,47.80681362000007],[-122.37315492999994,47.729224619000036],[-122.42985592199994,47.65892460900005],[-122.34495189599994,47.60912561500004],[-122.40985389699995,47.56892560600005],[-122.32387283599996,47.37063360500008],[-122.42998684099996,47.31966359100005],[-122.440335829,47.26202858700003],[-122.53303084699996,47.27638257700005],[-122.59292683299998,47.17582456500003],[-122.67849082999999,47.10274755200004],[-122.79329085999996,47.152554543000065],[-122.71984786399997,47.22088155400007],[-122.75050788599998,47.292183554000076],[-122.58584085099994,47.25385757000004],[-122.538497872,47.37594558200004],[-122.53231789299997,47.469215587000065],[-122.494896897,47.510270594000076],[-122.54313291499994,47.55633159100006],[-122.48914592499995,47.633189601000026],[-122.48850595199997,47.74361060700005],[-122.52534399899997,47.912341611000045],[-122.68202999599998,47.80088758800008],[-122.74936898699997,47.71708457600005],[-122.75145897599998,47.67030757400005],[-122.91711798999995,47.620748553000055],[-122.86347701699998,47.768583566000075],[-122.74582600699995,47.80435558100004],[-122.63389400499995,47.868406597000046],[-122.67623003399996,47.95874859700007],[-122.69848007399997,48.10310760100003],[-122.78409109699999,48.14297959400005],[-122.91788110599998,48.09581957700004],[-123.03874212199997,48.08114356200008],[-123.16441516299994,48.16589955200004],[-123.239144163,48.11822254200007],[-123.42468319099999,48.11807052100005],[-123.55114621899997,48.15138750800003],[-123.709474248,48.167586491000066],[-123.86669226899994,48.15480147300008],[-124.05074930199999,48.17775245300004],[-124.10178831999997,48.216888449000066],[-124.23859735199994,48.26247643600004],[-124.38693238099995,48.285698420000074],[-124.56485642799998,48.36792640300007],[-124.65895543299996,48.331062391000046],[-124.73176140199996,48.17000237600007],[-124.69182138099995,48.10821737800006],[-124.67461034499996,47.97315237400005],[-124.60955331199995,47.88000137700004],[-124.49800228099997,47.822610387000054],[-124.42521024899997,47.73843939100004],[-124.36623620299997,47.58244439100008],[-124.31939414099998,47.355564386000026],[-124.236364112,47.28729239200004],[-124.151303037,47.02111738800005],[-124.02636001999997,47.03019240200007],[-123.97939298899996,46.923043402000076],[-124.08930099199995,46.867721388000064],[-124.09652996499995,46.74620738100003],[-123.99886894199994,46.70596338900003],[-123.87669492899994,46.73066240400004],[-123.95918991499997,46.613586389000034],[-123.895553883,46.51407739100006],[-123.99419588699999,46.46887337800007],[-123.952287862,46.38180237800003],[-123.98521885099996,46.30904437100003],[-123.87553981899998,46.23979237900005],[-123.70074380699998,46.30460840100005],[-123.66951579399995,46.26683740200008],[-123.54767377399997,46.259114415000056],[-123.47965876599994,46.26913642300008],[-123.43100173899995,46.18157642300008],[-123.37144772199997,46.14637742700006],[-123.28018070799999,46.144848437000064],[-123.11591869199998,46.18527345600006],[-122.90413363699997,46.08373947300004],[-122.81401259599994,45.960989476000066],[-122.79561956099997,45.81000546900003],[-122.76012253999994,45.73441846900005],[-122.76382452399997,45.65714346400006],[-122.675022502,45.618044471000076],[-122.47932946399999,45.579766489000065],[-122.24900742099999,45.54775051000007],[-122.10168940499995,45.58352152800006],[-121.90828138899997,45.654404552000074],[-121.81131838399995,45.706766565000066],[-121.73511836899996,45.69404457200005],[-121.53312034399994,45.72654659500006],[-121.40175331499995,45.69289260600004],[-121.337784307,45.70495461300004],[-121.21579327999996,45.671243624000056],[-121.18385526199995,45.60644662300007],[-121.08494725399999,45.64789863500005],[-120.85568822099998,45.67155066000004],[-120.63498219999997,45.74585268800007],[-120.50587716899997,45.70005369800003],[-120.40397415199999,45.69925470800007],[-120.21076812499996,45.725956729000075],[-120.17046712499996,45.76195673600006],[-119.96575810399997,45.82437076100007],[-119.66989105999994,45.856872793000036],[-119.62340706199996,45.90564480100005],[-119.36441002099997,45.92161082900003],[-119.25716400599998,45.93993184100003],[-119.12613398099995,45.93286485400006],[-118.98714297099997,45.999860872000056],[-118.12621081799995,46.00028796000004],[-116.91600259499995,45.99541908100008],[-116.978951624,46.08001308100006],[-116.92188363199995,46.16781409300006],[-116.986701671,46.296668096000076],[-117.05599669399999,46.345537093000075],[-117.03982670799996,46.42543110100007],[-117.03979227099995,47.04894362300007],[-117.04267100499999,47.76086319600006],[-117.03519214899995,48.37088423900008],[-117.03236530399994,48.99919428100003]]],[[[-122.52604586599995,47.358911582000076],[-122.42734485999995,47.40213559500006],[-122.51396888499994,47.448903588000064],[-122.52604586599995,47.358911582000076]]]]},"properties":{"shapeName":"Washington","shapeISO":"US-WA","shapeID":"66186276B98555229882405","shapeGroup":"USA","shapeType":"ADM1"}},
{"type":"Feature","geometry":{"type":"Polygon","coordinates":[[[-103.00220835999994,37.00011014700004],[-103.47183128499995,36.99902557100006],[-104.33884267099995,36.993541066000034],[-105.02923782899995,36.99273502400007],[-105.44726492399997,36.99602299900005],[-106.20147909299999,36.99412795200004],[-106.869806241,36.99243191100004],[-106.87730224299997,37.00014491100006],[-107.71241491999996,37.00000884800005],[-108.24936854099997,36.99902082500006],[-109.04523371,36.99908977500007],[-109.04544181099999,36.527370389000055],[-109.04602160899998,35.92590162800008],[-109.04603473599997,35.17551351100008],[-109.04537351099998,34.78541146800006],[-109.04675318999995,34.166946315000075],[-109.04730840499997,33.40978826800006],[-109.04712736099998,32.77757517400005],[-109.04831935099998,32.08242235100005],[-109.05005426899999,31.332506953000063],[-108.20858309399995,31.333399990000032],[-108.20840412099994,31.783604061000062],[-107.42225595399998,31.783604096000033],[-106.52825176099998,31.783153135000077],[-106.60527677999994,31.82791713900008],[-106.64530579299998,31.894864148000067],[-106.61849579399995,32.00050016600005],[-106.12554368599996,32.00253818900006],[-105.33981647799999,32.000588684000036],[-104.53176533199996,32.00012225900008],[-103.72289116299999,32.000213666000036],[-103.06443199699999,32.00052332400003],[-103.06470483299995,32.52192841400006],[-103.06463405999995,32.99990449500007],[-103.05261963399994,33.570580359000076],[-103.043959122,33.97463465900006],[-103.04253019099997,34.89955181100004],[-103.04205976499998,35.39475294500005],[-103.04083328499996,36.055236997000065],[-103.04193332399996,36.500445067000044],[-103.00244331499994,36.50040306900007],[-103.00220835999994,37.00011014700004]]]},"properties":{"shapeName":"New Mexico","shapeISO":"US-NM","shapeID":"66186276B2592965416524","shapeGroup":"USA","shapeType":"ADM1"}},
{"type":"Feature","geometry":{"type":"MultiPolygon","coordinates":[[[[-65.34702704099993,18.34942089200007],[-65.28594402099998,18.27687687100007],[-65.25195601099995,18.31907488400003],[-65.34702704099993,18.34942089200007]]],[[[-65.57616392799997,18.10790008500004],[-65.45228206899998,18.086124812000037],[-65.27469001499998,18.135225830000024],[-65.43700806499999,18.15884683400003],[-65.57616392799997,18.10790008500004]]],[[[-67.27066563699998,18.366195866000055],[-67.20126261399997,18.292642845000046],[-67.15372759799993,18.198513818000038],[-67.18010960499998,18.168480809000073],[-67.19888660899994,18.04920177300005],[-67.17440560099993,18.01100676300007],[-67.21314661199995,17.952454745000068],[-67.10143757699996,17.945897744000035],[-67.07220256899996,17.970315752000033],[-66.98426154099997,17.966472752000072],[-66.95645253199996,17.931425742000044],[-66.86304450299997,17.945670748000055],[-66.72661646199998,17.991792764000024],[-66.57901741599994,17.96172475700007],[-66.46469338099996,17.990888768000048],[-66.38673435599998,17.937304753000035],[-66.33777234099995,17.976646766000044],[-66.24079930999994,17.912881748000075],[-66.08702026299994,17.964889766000056],[-66.04709025099999,17.952680763000046],[-65.91636621099997,17.976194772000042],[-65.83032618499993,18.019821786000023],[-65.76686516699993,18.14928482600004],[-65.71932915299993,18.18970783800006],[-65.64683713099998,18.198965842000064],[-65.60833311999994,18.254049859000077],[-65.63637913099996,18.370030893000035],[-65.67417014299997,18.36393989100003],[-65.83222719299994,18.430246908000072],[-65.99194824299997,18.461586914000065],[-66.02165825199995,18.444225909000068],[-66.13859628799997,18.47398591500007],[-66.16236429499997,18.453244909000034],[-66.26955832899995,18.480071915000053],[-66.56214241999999,18.49044191300004],[-66.90487652599995,18.483678906000023],[-67.02015056199997,18.51095291200005],[-67.13780259799995,18.507571909000035],[-67.15539060199995,18.424383885000054],[-67.27066563699998,18.366195866000055]]]]},"properties":{"shapeName":"Puerto Rico","shapeISO":"US-PR","shapeID":"66186276B86072070009793","shapeGroup":"USA","shapeType":"ADM1"}},
{"type":"Feature","geometry":{"type":"Polygon","coordinates":[[[-96.44551630499996,42.490637406000076],[-96.51634634199996,42.630442422000044],[-96.63971238799996,42.737078430000054],[-96.50031637899997,42.95939847200003],[-96.51026439399999,43.049924485000076],[-96.43934338299994,43.113923499000066],[-96.47063440299996,43.20723251100003],[-96.57120243499998,43.23896850800003],[-96.52133143899994,43.374614532000066],[-96.59426246699996,43.434160535000046],[-96.59893647699994,43.50046454400007],[-96.45326843699996,43.50039755500006],[-96.45339750199997,43.97806762400006],[-96.45156761799996,44.805475741000066],[-96.45307569199997,45.29812280900006],[-96.48907370999996,45.35707881400003],[-96.61773475299998,45.408099811000056],[-96.68046277099995,45.41050680700005],[-96.76528881099995,45.52142181600004],[-96.85775984999998,45.60596982000004],[-96.83577784999994,45.64965582800005],[-96.65223481499999,45.74681685500008],[-96.58309380699995,45.82003187000004],[-96.56368081999995,45.93524688700006],[-97.00036993999998,45.93524085300004],[-97.85479730999998,45.93555694600008],[-98.41452732599998,45.93651174300004],[-99.49026361499995,45.940369658000066],[-100.17083579499996,45.942521603000046],[-101.14608604999995,45.94384952300004],[-101.72339019899994,45.944194475000074],[-102.70488144899997,45.94507939300007],[-103.37547061699996,45.94480433600006],[-104.04545378399996,45.94531727900005],[-104.04082669799999,45.46271522300003],[-104.03970461999995,44.998077168000066],[-104.05788962399998,44.99761216600007],[-104.05584315999994,44.57101669100007],[-104.05467546799997,44.03117405000006],[-104.05503239499996,43.55748599100008],[-104.05303831299994,43.000593921000075],[-103.40458915599999,43.00074397100008],[-102.79212100599995,42.99998701800007],[-101.62543371599997,42.99624510600006],[-100.67128994499996,42.998128371000064],[-99.91841028399995,42.998064234000026],[-99.19520809699998,42.99811428700008],[-98.498558915,42.998567337000054],[-98.46736489999995,42.94756333200007],[-98.12749779399996,42.82013433800006],[-98.03504276299998,42.76421233600007],[-97.95015574099995,42.76962634300003],[-97.84527872599995,42.86774136500003],[-97.68651468099995,42.84244237200005],[-97.61181966299995,42.85837438000004],[-97.44228761699998,42.84623139000007],[-97.30668558299999,42.86761140300007],[-97.21883355699998,42.845855406000055],[-97.13133952399994,42.77193640100006],[-96.97912848199996,42.76009741000007],[-96.80623142899998,42.704161413000065],[-96.80218642399996,42.67224440900003],[-96.68779638999996,42.64599941300003],[-96.70930839,42.60376040500006],[-96.60347634899995,42.50446739800003],[-96.548799337,42.52055440400005],[-96.44551630499996,42.490637406000076]]]},"properties":{"shapeName":"South Dakota","shapeISO":"SU-SD","shapeID":"66186276B38006515706420","shapeGroup":"USA","shapeType":"ADM1"}},
{"type":"Feature","geometry":{"type":"MultiPolygon","coordinates":[[[[-95.12225925599995,29.08875651200003],[-94.79476283499997,29.284399118000067],[-94.87437285599998,29.289932116000045],[-95.12225925599995,29.08875651200003]]],[[[-97.39839540399998,26.86789853700003],[-97.37086239899998,26.910861546000035],[-97.37906340499995,27.047214575000055],[-97.36539340699994,27.19989160700004],[-97.32951640299996,27.33890963700003],[-97.27507439399994,27.475421667000035],[-97.19917137999994,27.622267699000076],[-97.09758135999994,27.777332734000026],[-97.14561037199996,27.772411732000023],[-97.24008839099997,27.633313701000077],[-97.30426140199995,27.507321673000035],[-97.36182841199997,27.359064640000042],[-97.39450841199994,27.12397359000005],[-97.38591640799996,27.084694582000054],[-97.39839540399998,26.86789853700003]]],[[[-103.00244331499994,36.50040306900007],[-103.04193332399996,36.500445067000044],[-103.04083328499996,36.055236997000065],[-103.04205976499998,35.39475294500005],[-103.04253019099997,34.89955181100004],[-103.043959122,33.97463465900006],[-103.05261963399994,33.570580359000076],[-103.06463405999995,32.99990449500007],[-103.06470483299995,32.52192841400006],[-103.06443199699999,32.00052332400003],[-103.72289116299999,32.000213666000036],[-104.53176533199996,32.00012225900008],[-105.33981647799999,32.000588684000036],[-106.12554368599996,32.00253818900006],[-106.61849579399995,32.00050016600005],[-106.64530579299998,31.894864148000067],[-106.60527677999994,31.82791713900008],[-106.52825176099998,31.783153135000077],[-106.38104872599996,31.732115133000036],[-106.24621268499999,31.541158108000047],[-106.20655367199998,31.46620409700006],[-106.08026763999999,31.398707092000052],[-105.95379560999999,31.364754091000066],[-105.93102860199997,31.312715084000047],[-105.86917258699998,31.28882008200003],[-105.77326655899998,31.166902066000034],[-105.60447651699997,31.08374905900007],[-105.55743950199997,30.99023404500008],[-105.41381146499998,30.899572036000052],[-105.39522545899996,30.859294030000058],[-105.257950425,30.79471302500008],[-105.21841941699995,30.80567602800005],[-105.10992038899997,30.74001602100003],[-105.06350637599996,30.688699014000065],[-105.00742636299998,30.68646001600007],[-104.96727534999997,30.607933004000074],[-104.91873133899998,30.597664004000023],[-104.86676732199999,30.495040989000074],[-104.85953031499997,30.390417971000034],[-104.76129728799998,30.300615959000027],[-104.68672426499995,30.178621941000074],[-104.69578225999999,30.037324916000046],[-104.67983525099999,29.920927896000023],[-104.61380923199994,29.84599788500003],[-104.54980521299996,29.740645869000048],[-104.51574520099996,29.64055285300003],[-104.33812215499995,29.51997183800006],[-104.26175313699997,29.513467839000043],[-104.160750109,29.389880821000077],[-103.975244063,29.29602181100006],[-103.78405601799994,29.265471812000044],[-103.72554700099994,29.19267280100007],[-103.59236896899995,29.150264798000023],[-103.55049595999998,29.156251800000064],[-103.41542292399998,29.037885783000036],[-103.15461686099997,28.971616780000033],[-103.03603883999995,29.09874080700007],[-102.99810483399995,29.172680822000075],[-102.87802880799995,29.214702834000036],[-102.90639081699999,29.262059842000042],[-102.87802781499994,29.35454285900005],[-102.83938380599994,29.358926862000033],[-102.808700806,29.522323893000078],[-102.70409178899996,29.67134492400004],[-102.691381789,29.721376933000045],[-102.48726074399997,29.786589952000043],[-102.40977772499997,29.76472195100007],[-102.34104171399997,29.869309973000043],[-102.30138970499996,29.877678976000027],[-102.07365464799994,29.786930967000046],[-101.88292360399998,29.793489976000046],[-101.81828358899998,29.811625981000077],[-101.71206456199997,29.762781976000042],[-101.53501852199997,29.797683989000063],[-101.39837048599998,29.717004979000023],[-101.36322647499998,29.652642968000066],[-101.26118344499997,29.536781950000034],[-101.17382942399996,29.514570949000074],[-101.15188541699996,29.477009942000052],[-101.06015939399998,29.45866594200004],[-101.00421537699998,29.364776926000047],[-100.81351532699995,29.260669913000072],[-100.77591331399998,29.17334889800003],[-100.67466428699998,29.099781887000063],[-100.65152027399995,28.94343685800004],[-100.54733224499995,28.82582183900007],[-100.50762123199996,28.74060382300007],[-100.50036222699998,28.66196480800005],[-100.40040719999996,28.586896797000065],[-100.41142220099994,28.55190379000004],[-100.33780517899999,28.44296477100005],[-100.34959417999994,28.402608763000046],[-100.28864716199996,28.316982748000044],[-100.29430416199995,28.28438574200004],[-100.208067138,28.19038772600004],[-100.08340110599994,28.144039720000023],[-100.01792208699999,28.06479170700004],[-99.99145507799994,27.994564694000076],[-99.89409905099996,27.892954677000034],[-99.87007404199994,27.79463165800007],[-99.77074801499998,27.732138648000046],[-99.70460899699998,27.65495863500007],[-99.60354097199996,27.641996635000055],[-99.51112694699998,27.56449862200003],[-99.48145993699995,27.48867160800006],[-99.50484493699997,27.33829357700006],[-99.49662293299997,27.27171256400004],[-99.44155691899994,27.249924561000057],[-99.42921690999998,27.090986529000077],[-99.45232391499997,27.062673523000058],[-99.26862086299997,26.843217483000046],[-99.24003085299995,26.745855464000044],[-99.20891484499998,26.72476546000007],[-99.16674982899997,26.536083423000036],[-99.09198380899994,26.472380412000064],[-99.08200980399994,26.396514396000043],[-98.95639977299999,26.395714399000042],[-98.89674175699997,26.35333439200008],[-98.80735573599998,26.369425397000043],[-98.74947672099995,26.329992391000076],[-98.66940469799994,26.23632437300006],[-98.58755267899994,26.257820380000055],[-98.50733965799998,26.210175372000037],[-98.46069664699996,26.226068376000057],[-98.24874458999994,26.07204634900006],[-98.13698356299994,26.061707349000073],[-97.87694249799995,26.064586356000063],[-97.77775347299996,26.029398351000054],[-97.65747544299995,26.019799352000064],[-97.58257242199994,25.937861336000026],[-97.42489537999995,25.840636319000055],[-97.28924634899994,25.955448347000072],[-97.147284314,25.95332835000005],[-97.15321731799997,26.038910368000074],[-97.26942934799996,26.086086375000036],[-97.31674036399994,26.22402940300003],[-97.29701236099999,26.296073419000038],[-97.38055738799994,26.480563456000027],[-97.42096239899996,26.535544466000033],[-97.46469541499994,26.694172499000047],[-97.47861242199997,26.806679522000024],[-97.46029141899999,26.847291531000053],[-97.42230642299995,27.25771661700003],[-97.52960744899997,27.229161609000073],[-97.63113047499996,27.242234609000036],[-97.60725646999998,27.28697961900008],[-97.49870044599999,27.382371641000077],[-97.48286643999995,27.29791962400003],[-97.40500342099995,27.329981633000045],[-97.32219840899995,27.569062685000063],[-97.25396239699995,27.69670071300004],[-97.34368641999998,27.724027716000023],[-97.39329843399997,27.78290972700006],[-97.51662946799996,27.871429742000032],[-97.33779142399999,27.883628749000025],[-97.24944440199994,27.876190750000035],[-97.21514939099995,27.821635740000033],[-97.16232037999998,27.868632751000064],[-97.04374635599999,28.02806078800006],[-97.11207937499995,28.06875479400003],[-97.13893737999996,28.02690678500005],[-97.22283740299997,28.077352793000045],[-97.14594838599999,28.141084808000073],[-97.03019835899994,28.18896482100007],[-96.98337534499996,28.124945810000042],[-96.93156133199994,28.123897811000063],[-96.78523329899997,28.22954483700005],[-96.80781330699995,28.296116850000033],[-96.78677830599997,28.40216887300005],[-96.70656128599995,28.40457287600003],[-96.684362277,28.314468858000055],[-96.45295722299994,28.418683886000053],[-96.44059821699994,28.342984871000056],[-96.603646256,28.292558856000028],[-96.70180827699994,28.199699833000068],[-96.81696430499994,28.175084825000056],[-96.92546532899996,28.088414804000024],[-96.96777133699999,28.017516788000023],[-96.96188133299995,27.955888775000062],[-96.85137430899994,28.062372801000038],[-96.72460328099999,28.16112782500005],[-96.56057524399995,28.26403785100007],[-96.44285621599994,28.31767086600007],[-96.39038320499998,28.381819880000023],[-96.20544516299998,28.49787291000007],[-95.77197206099999,28.686728963000064],[-95.48677599399997,28.83629200300004],[-95.38368996899999,28.870005013000025],[-95.12384391099994,29.07064506300003],[-95.16731292399999,29.121160072000066],[-95.03290489299997,29.21247909500005],[-94.97241487999997,29.279982111000038],[-94.89754886199995,29.304765119000024],[-94.89203386599996,29.43368614600007],[-94.95340088399996,29.47260115200004],[-95.018259904,29.554890167000053],[-95.01519590699996,29.632456183000045],[-94.942687891,29.69778319900007],[-94.87255787199996,29.67125519600006],[-94.81522586099999,29.75848321500007],[-94.75481484599999,29.781128222000063],[-94.70301983199994,29.75419221800007],[-94.70701382699997,29.625150192000035],[-94.76257583699999,29.524167169000066],[-94.54511578299997,29.57189218600007],[-94.603351794,29.48591216600005],[-94.49007976599995,29.51119517500007],[-94.11953667599994,29.652370217000055],[-94.00141264599995,29.681491227000038],[-93.83797760399995,29.69062423400004],[-93.91636663099996,29.824973260000036],[-93.86357661799997,29.85718226800003],[-93.79009360499998,29.986569297000074],[-93.72081158999998,30.053048314000023],[-93.69774358799998,30.15295133500007],[-93.71905259599998,30.208732346000033],[-93.70459059599995,30.28995436300005],[-93.76302861399995,30.344152373000043],[-93.69928360199998,30.437381394000056],[-93.733784615,30.531401412000037],[-93.68310660699996,30.640768437000077],[-93.62044059299996,30.694243450000045],[-93.58223558899994,30.803122474000077],[-93.57408658999998,30.884534491000068],[-93.53094258099998,30.924539501000027],[-93.56429559299994,30.98960651300007],[-93.50846657999995,31.029446523000047],[-93.55221159399997,31.078936531000068],[-93.54028459299997,31.128873542000065],[-93.58850960799998,31.16558654800008],[-93.68439464099998,31.318517575000044],[-93.66604863799995,31.365206586000056],[-93.74277166699994,31.526863615000025],[-93.78084167699996,31.525389614000062],[-93.83938969599996,31.599080626000045],[-93.79455468999998,31.702081649000036],[-93.82344970099996,31.77510366200005],[-93.87476771699994,31.82166667000007],[-93.89741872699994,31.89444168400007],[-93.97394874799994,31.921673686000076],[-94.04183976999997,31.992407697000033],[-94.04309579799997,32.486566796000034],[-94.04297082799997,33.01922490000004],[-94.04345686099998,33.552259004000064],[-94.14524588799998,33.56499300200005],[-94.38952195099995,33.54678398800007],[-94.48588198199997,33.63787300100006],[-94.57961900799995,33.66512900200007],[-94.66589903099998,33.66235499800007],[-94.70173604299998,33.70341900400007],[-94.86930708899996,33.74587700500007],[-95.06011214899996,33.901879026000074],[-95.21764019399996,33.96265203100006],[-95.27877420399994,33.877912012000024],[-95.440935245,33.86643500200006],[-95.53329026999995,33.88116800100005],[-95.61642929499999,33.927412006000054],[-95.71054431599998,33.88500599400004],[-95.75637432799994,33.89263099300007],[-95.84525034799998,33.83907597900003],[-95.94127437399999,33.861624979000055],[-96.04884139999996,33.83647396900005],[-96.14807742499994,33.83780496500003],[-96.17806642799997,33.76052394900006],[-96.29371545799995,33.76941494500005],[-96.33802046399995,33.68873392800003],[-96.42265049199995,33.77604694100006],[-96.50027551099998,33.77258893700008],[-96.526662521,33.820896944000026],[-96.62316254699994,33.84148894400005],[-96.58794154199995,33.89478995500008],[-96.67345656499998,33.91228395500008],[-96.69071556499995,33.84996494200004],[-96.86644560999997,33.85315493500008],[-96.924275632,33.95916495200004],[-96.98557464199996,33.88652793600005],[-97.09524366399995,33.79414191300003],[-97.10453266199994,33.722613900000056],[-97.17219967999995,33.73755089900004],[-97.20571269299995,33.80291391000003],[-97.18085269199997,33.89520992800004],[-97.30557272299995,33.88644092100003],[-97.37294873599996,33.81945990500003],[-97.46286475999995,33.84177790500007],[-97.46038376399997,33.903953917000024],[-97.58926179599996,33.90392791100004],[-97.58883579899998,33.95188791900006],[-97.67177982299995,33.99137592300008],[-97.87145486299994,33.849006888000076],[-97.96778488999996,33.88243588900008],[-97.94573789099996,33.989844910000045],[-98.082846927,34.00241790500007],[-98.11942494099998,34.084479919000046],[-98.16912795599995,34.11417692200007],[-98.36562900799998,34.156998920000035],[-98.39978501199994,34.099978908000026],[-98.48633603099995,34.06260389700003],[-98.59979706599995,34.16057690900004],[-98.69060308699994,34.13297790000007],[-98.76557810599996,34.136381897000035],[-98.91834114699998,34.18183689800003],[-98.95252115699998,34.21265590200005],[-99.04347917899997,34.19821389500004],[-99.18951921599995,34.214317890000075],[-99.21008622999994,34.337710911000045],[-99.29465625599994,34.41537892100007],[-99.38101927999998,34.456941924000034],[-99.39684727899999,34.37942290900003],[-99.56970432399999,34.41842390800008],[-99.600034328,34.37469389900008],[-99.69497835199996,34.378338894000024],[-99.89376841299998,34.55422491500008],[-100.00038944,34.56051491100004],[-100.00039207799995,35.03039098800008],[-100.00039944599996,35.552462080000055],[-100.00040734599997,36.04264716700004],[-100.00041459299996,36.49970823900003],[-101.08516485799998,36.49925017800007],[-101.82650703599995,36.49954113600006],[-102.57070521399999,36.500387018000026],[-103.00244331499994,36.50040306900007]]]]},"properties":{"shapeName":"Texas","shapeISO":"US-TX","shapeID":"66186276B29106115751815","shapeGroup":"USA","shapeType":"ADM1"}},
{"type":"Feature","geometry":{"type":"MultiPolygon","coordinates":[[[[-118.60442720199995,33.47855677300004],[-118.563454192,33.43438577000006],[-118.48876217799994,33.41983077200007],[-118.48746517299998,33.35088776500004],[-118.44107816199994,33.31855976400004],[-118.31023414199996,33.33478577200003],[-118.38204915899996,33.40988777700005],[-118.54454219099995,33.474123775000066],[-118.60442720199995,33.47855677300004]]],[[[-118.61051216899995,33.03294572300007],[-118.50621813899994,32.85298970800005],[-118.43182112199997,32.80146670600004],[-118.37354511499996,32.83905171300006],[-118.48834414099997,32.923683717000074],[-118.57989216399994,33.034463724000034],[-118.61051216899995,33.03294572300007]]],[[[-119.92990146399995,34.05973876100006],[-119.87337044799995,33.98037975600005],[-119.721218422,33.95958776200007],[-119.66283741499996,33.98589376800004],[-119.75944043699997,34.058839771000066],[-119.92990146399995,34.05973876100006]]],[[[-120.24954850999995,34.00248173700004],[-120.12182948099996,33.89571673300003],[-120.00097246599995,33.941558745000066],[-120.04327147999999,34.03581075200003],[-120.24954850999995,34.00248173700004]]],[[[-124.21161906199995,41.99846510400005],[-124.219606038,41.846437094000066],[-124.25485203299996,41.785093087000064],[-124.14349300499998,41.70928909200006],[-124.08200097099996,41.54776608700007],[-124.063089951,41.43958408100008],[-124.10699992499997,41.22968306400003],[-124.159469909,41.07360004900005],[-124.11176989499995,41.026888050000025],[-124.158335879,40.876074036000034],[-124.32941786499998,40.61643500400004],[-124.40861485099998,40.443205986000066],[-124.347866824,40.314638983000066],[-124.363427818,40.260978978000026],[-124.18788777499998,40.130546984000034],[-124.11056276,40.10376998800007],[-124.07999674499996,40.029777986000056],[-124.03591773699998,40.013323988000025],[-123.85377768599994,39.83410499000007],[-123.82475766599998,39.71813298500007],[-123.79424865799996,39.68999998500004],[-123.76648863499997,39.55280797800003],[-123.81615162799994,39.444577966000054],[-123.82772961699999,39.348437958000034],[-123.77681659199999,39.214482952000026],[-123.70808656699995,39.102339950000044],[-123.69075355399997,39.02129794500007],[-123.72906655099996,38.95667193700007],[-123.64740052499997,38.84547693500008],[-123.46130448199995,38.717005940000035],[-123.34011944699995,38.57223293900006],[-123.12883840099994,38.45042294500007],[-123.06827838099997,38.359869943000035],[-122.96902435299995,38.252070942000046],[-122.94963933999998,38.164045936000036],[-123.01154632999999,38.003442919000065],[-122.93972432199996,38.031912927000064],[-122.821396301,37.99673993300007],[-122.70265327099997,37.893824933000076],[-122.64197626299995,37.89751193800004],[-122.49957023199994,37.82003494200006],[-122.43828122999997,37.88097895200008],[-122.48638824199998,37.921885951000036],[-122.48998726499997,38.11201896700004],[-122.39360125499996,38.143453976000046],[-122.30257023599995,38.103252980000036],[-122.28349122399999,38.022678975000076],[-122.41266323599996,37.963289960000054],[-122.39055922699998,37.90911495700004],[-122.32374321599997,37.90584996200005],[-122.30138520699995,37.85549795900005],[-122.33228320299997,37.78152195100006],[-122.16306216399994,37.667937954000024],[-122.10943313699994,37.50025894400005],[-122.26288116899997,37.573918939000066],[-122.36023218499997,37.59250593300004],[-122.39320320299998,37.70753594100006],[-122.35679720099995,37.729509945000075],[-122.40746521799997,37.81144594800003],[-122.51449622999996,37.78083393800006],[-122.496797217,37.68643793100006],[-122.51670220099999,37.52134491600003],[-122.45959018899998,37.49273591800005],[-122.40086316499998,37.35922991100006],[-122.41846515499998,37.24852590100005],[-122.40508614799995,37.19579589700004],[-122.32948612699994,37.113049895000074],[-122.28489511899994,37.10175189800003],[-122.22381210199995,37.02567689500006],[-122.06643406999996,36.948275900000056],[-121.93008205199999,36.978154912000036],[-121.86227903699995,36.931556912000076],[-121.78829101199995,36.80399890600006],[-121.82506500199997,36.65721189100003],[-121.87137700399995,36.604563883000026],[-121.92967901599997,36.63696388200003],[-121.94620500299999,36.49085586800004],[-121.89292997999996,36.34043285800004],[-121.89944697699997,36.30770285500006],[-121.82764695999998,36.242259854000054],[-121.717188938,36.195150857000044],[-121.63316791799997,36.117524856000045],[-121.57461489899998,36.02516085100007],[-121.51160288799997,36.00660285400005],[-121.46492286899996,35.88846184600004],[-121.33246183799997,35.78311084500007],[-121.31542982899998,35.713386839000066],[-121.26082081599998,35.66445483800004],[-121.16672479899995,35.63540384200007],[-121.10160778,35.548818838000045],[-121.00337175699997,35.46071483500003],[-120.90794974099998,35.44907384000004],[-120.86922173099998,35.40328083800006],[-120.86721272299997,35.32715883100008],[-120.89680271999998,35.24788182200007],[-120.78608869699997,35.17767082200004],[-120.69891868199994,35.171196827000074],[-120.63579966799995,35.12380982600007],[-120.62994366199996,35.06151982000006],[-120.67228165399996,34.90254480200008],[-120.60991063899996,34.84275580000008],[-120.63496563599995,34.766958791000036],[-120.60046262499998,34.70464478700006],[-120.64480862099998,34.57702877200006],[-120.51143359499997,34.522957774000076],[-120.47138858199997,34.44785076900007],[-120.14117753199997,34.47340979100005],[-120.00808951,34.460451798000065],[-119.87821148499995,34.40691780000003],[-119.79357947199998,34.418293806000065],[-119.70907945699997,34.39540180800003],[-119.56399843499997,34.415324819000034],[-119.461048415,34.37406882100004],[-119.39046139899995,34.31820281900008],[-119.27865637599996,34.26690682000003],[-119.21645335599999,34.14610981100003],[-118.93809330199997,34.04338781600006],[-118.85466528699999,34.03421981900004],[-118.80637927699996,34.00020281800005],[-118.73240326699994,34.03274782600005],[-118.56924724099997,34.041644836000046],[-118.51952623099999,34.02751383800006],[-118.45068921399996,33.955670834000045],[-118.39111519499994,33.83877582400004],[-118.428419196,33.774719815000026],[-118.28838516699994,33.70552081500006],[-118.20654615499996,33.723090822000074],[-118.16689915099994,33.763234828000066],[-118.08894013499997,33.731218829000056],[-117.92803109799996,33.60719182400004],[-117.78490006899995,33.541529824000065],[-117.71462905099997,33.45991881900005],[-117.68103704499998,33.461758821000046],[-117.59589202499996,33.386633817000074],[-117.50593100599997,33.333257815000024],[-117.32837095899998,33.12184680000007],[-117.28078194299997,33.012347790000035],[-117.25132592799997,32.87857477600005],[-117.25518091599997,32.70005575400006],[-117.168877899,32.67195675500005],[-117.12487388199997,32.53416074100005],[-116.53535873799996,32.58417883800007],[-115.84330520099996,32.63865548900003],[-115.33151998099999,32.67648107800005],[-114.71964446699997,32.718767885000034],[-114.52686743399994,32.75709889900003],[-114.46898242999998,32.84515991400008],[-114.46294043299997,32.90794892200006],[-114.52358945299994,33.03096593500004],[-114.67081448099998,33.03798892800006],[-114.70790749199995,33.09743693400003],[-114.67937049099999,33.15952394300007],[-114.68051849999995,33.27358195800008],[-114.72288351699996,33.39878397100006],[-114.62292950299997,33.456565984000065],[-114.52461049199997,33.55223600100004],[-114.52397050199994,33.685884018000024],[-114.49650049799999,33.696906021000075],[-114.53548952399996,33.93465604900007],[-114.43827751299995,34.02261406500003],[-114.41591951599997,34.10764107700004],[-114.229726487,34.186933098000054],[-114.13829347999996,34.30323511700004],[-114.34262652999996,34.451447124000026],[-114.43647755899997,34.59540513700006],[-114.47048857599998,34.71137314900005],[-114.552693595,34.766876151000076],[-114.63673662099995,34.88911216100007],[-114.63349863099995,35.00186217500004],[-115.27135379299995,35.512665198000036],[-115.66901689499997,35.82652021000007],[-116.250881043,36.276984224000046],[-116.88937358299995,36.76318428500008],[-117.71237041299997,37.374936243000036],[-118.25095954899996,37.76862124400003],[-118.62160264199997,38.034394244000055],[-119.33343581999998,38.53833323900005],[-120.00102698599994,38.99957923000005],[-120.00575901599996,39.22521524900003],[-119.997647111,39.95651031300008],[-119.99593918599999,40.49990635900008],[-119.99987928599995,41.18397941500007],[-119.99924741099994,41.99494948000006],[-120.32640046399996,41.99259145100007],[-120.98042956999996,41.99302839300003],[-121.95744372599995,42.00349030700005],[-122.37852479199995,42.00949027000007],[-123.04401089099997,42.00308920900005],[-123.65722598099995,41.99509915400006],[-124.21161906199995,41.99846510400005]]]]},"properties":{"shapeName":"California","shapeISO":"US-CA","shapeID":"66186276B43071933723331","shapeGroup":"USA","shapeType":"ADM1"}},
{"type":"Feature","geometry":{"type":"Polygon","coordinates":[[[-88.39502817099998,30.36943056000007],[-88.33802315699995,30.404758569000023],[-88.18710911299996,30.362704565000058],[-88.10727909199994,30.377251571000045],[-88.08563009399995,30.56992061400007],[-88.00690307699995,30.68208964100006],[-87.92538005299997,30.648899636000067],[-87.90171604199998,30.550884616000076],[-87.93697404899996,30.483110600000032],[-87.90634803699999,30.409385584000063],[-87.83737301699995,30.376339579000046],[-87.75552099099997,30.291222563000076],[-87.65689296099998,30.24971455700006],[-87.51832892399995,30.280440568000074],[-87.45096690799994,30.346267585000078],[-87.44068290699994,30.391503595000074],[-87.37117388999997,30.43049560600008],[-87.43558290999994,30.480501615000037],[-87.44659091499994,30.52707362500007],[-87.39359290399995,30.63088565000004],[-87.40696290999995,30.67517065900006],[-87.53261194799995,30.743494670000075],[-87.63494298199998,30.865891694000027],[-87.58919197399996,30.964469717000043],[-87.59893297799994,30.99746272400006],[-87.14075984999994,30.99953774000005],[-86.51994267599997,30.993250759000034],[-85.89354749899996,30.993472780000047],[-85.00250324599995,31.000687810000045],[-85.03561926099997,31.108197833000077],[-85.10021128099999,31.165495844000077],[-85.112356289,31.259585865000076],[-85.07162528699996,31.468389912000077],[-85.04130928099994,31.540992930000073],[-85.05817328999996,31.620232947000034],[-85.12553431299995,31.694970961000024],[-85.140735324,31.857466996000028],[-85.05507930699997,32.01072003300004],[-85.06154431499994,32.12967905900007],[-85.01127130299994,32.18049907200003],[-84.92823128099997,32.21985708300008],[-84.93380428599994,32.298266100000035],[-85.00187830699997,32.322021103000054],[-84.97183530399997,32.44284913100006],[-85.00153631599994,32.51474714500006],[-85.10534135199998,32.64484117000006],[-85.12219336299995,32.77335919700005],[-85.18413538599998,32.870531216000074],[-85.28140905699996,33.36308282600004],[-85.39149974499998,33.92707449900007],[-85.47045454599998,34.32824551600004],[-85.56142059699994,34.750085600000034],[-85.60516962299994,34.98468464700005],[-86.52848988799997,34.990683611000065],[-86.862151983,34.991962597000054],[-87.39131913399996,35.002380577000054],[-88.20296436299998,35.008034544000054],[-88.20006936099998,34.99564054200005],[-88.15462234399996,34.92239852900008],[-88.09789332599996,34.89220852500006],[-88.18762530999999,34.20478438200007],[-88.24303030099998,33.79568629500005],[-88.33093928499994,33.07313114200008],[-88.38299027599999,32.62696004600008],[-88.47323226399999,31.89386188700007],[-88.45158023799996,31.481538800000067],[-88.41813248399995,30.855882029000043],[-88.39502817099998,30.36943056000007]]]},"properties":{"shapeName":"Alabama","shapeISO":"US-AL","shapeID":"66186276B98021244841737","shapeGroup":"USA","shapeType":"ADM1"}},
{"type":"Feature","geometry":{"type":"Polygon","coordinates":[[[-84.32187325299998,34.98841469900003],[-84.93931043099997,34.98792267400006],[-85.60516962299994,34.98468464700005],[-85.56142059699994,34.750085600000034],[-85.47045454599998,34.32824551600004],[-85.39149974499998,33.92707449900007],[-85.28140905699996,33.36308282600004],[-85.18413538599998,32.870531216000074],[-85.12219336299995,32.77335919700005],[-85.10534135199998,32.64484117000006],[-85.00153631599994,32.51474714500006],[-84.97183530399997,32.44284913100006],[-85.00187830699997,32.322021103000054],[-84.93380428599994,32.298266100000035],[-84.92823128099997,32.21985708300008],[-85.01127130299994,32.18049907200003],[-85.06154431499994,32.12967905900007],[-85.05507930699997,32.01072003300004],[-85.140735324,31.857466996000028],[-85.12553431299995,31.694970961000024],[-85.05817328999996,31.620232947000034],[-85.04130928099994,31.540992930000073],[-85.07162528699996,31.468389912000077],[-85.112356289,31.259585865000076],[-85.10021128099999,31.165495844000077],[-85.03561926099997,31.108197833000077],[-85.00250324599995,31.000687810000045],[-84.93541722199996,30.882486786000072],[-84.91432621099995,30.753596757000025],[-84.86469719499996,30.71154775000008],[-84.15521367099996,30.679530819000036],[-83.49987980099996,30.645676777000062],[-82.93992163799999,30.61259771600004],[-82.21484242599996,30.568596799000034],[-82.20415441599994,30.401335760000052],[-82.16176040199997,30.357856751000043],[-82.04792036899994,30.363270756000077],[-82.00548036499998,30.563500804000057],[-82.04951038099995,30.655553824000037],[-82.03897038199995,30.749267846000066],[-81.94979035899996,30.82749886600004],[-81.73223029299999,30.749639855000055],[-81.56071224099998,30.71169485100006],[-81.44412720699995,30.70971985400007],[-81.46006421399994,30.76991786800005],[-81.40408220299997,30.903743900000052],[-81.42047721299997,31.016708926000035],[-81.40952621399998,31.120616950000056],[-81.27123617899997,31.265899988000058],[-81.29427318999996,31.368602011000064],[-81.17662216199994,31.51541504800008],[-81.12884815299998,31.631445076000034],[-81.13063715699997,31.722698097000034],[-80.92135410499998,31.93873915300003],[-80.84038108399994,32.00305017000005],[-80.88552009899996,32.03460617600007],[-81.01196413899999,32.10018218700003],[-81.06690915399997,32.09035718300004],[-81.11994617199997,32.13400419100003],[-81.14573718499997,32.25113521700007],[-81.12863318299998,32.33703823700006],[-81.20513320999999,32.42379425400003],[-81.20003220999996,32.467991264000034],[-81.29796124299997,32.555834280000056],[-81.41190927999997,32.618416291000074],[-81.39303627599998,32.65154929900007],[-81.42161729199995,32.83518433900008],[-81.50271932099997,32.93869435900007],[-81.49190232099994,33.00670037500004],[-81.61778236199996,33.09528339000008],[-81.70463738899997,33.11645739200003],[-81.80523942299999,33.21145340900006],[-81.85261344199995,33.310407430000055],[-81.94474047199998,33.36404743800006],[-81.93413947399995,33.468343462000064],[-81.98594148999996,33.486542464000024],[-82.04633851099999,33.56383647900003],[-82.19658655899997,33.63058848800006],[-82.24747557999996,33.75259751300007],[-82.34693661299997,33.83430452700003],[-82.42280663699995,33.863760531000025],[-82.55683867999994,33.94535954400004],[-82.59455869599998,34.02872356000006],[-82.73188474399996,34.17836958700008],[-82.74665975299996,34.26641360600007],[-82.83500778399997,34.366075624000075],[-82.85576579399998,34.443983640000056],[-82.90155480999994,34.48677064700007],[-83.00292783899994,34.472138640000026],[-83.06945485999995,34.50213764400007],[-83.16828189399996,34.59100466000007],[-83.24338491699996,34.618003662000035],[-83.33836794899997,34.68690467300007],[-83.32386994999996,34.78971869600008],[-83.14326490499997,34.924762731000044],[-83.10860989899999,35.00066574900006],[-83.61998904799998,34.98659872600007],[-84.32187325299998,34.98841469900003]]]},"properties":{"shapeName":"Georgia","shapeISO":"US-GA","shapeID":"66186276B75419826371250","shapeGroup":"USA","shapeType":"ADM1"}},
{"type":"Feature","geometry":{"type":"Polygon","coordinates":[[[-79.47666510499994,39.721085853000034],[-78.53770481499998,39.722497891000046],[-77.53476050199998,39.72014193000007],[-76.99090533199995,39.719807951000064],[-76.23327909399995,39.72131298000005],[-75.78859795399995,39.72220699700006],[-75.71697093599994,39.79200601300005],[-75.57985089599998,39.838534028000026],[-75.42341784399997,39.80662302700006],[-75.41506384099995,39.801927026000044],[-75.35440182399998,39.83992503600007],[-75.14374776099999,39.88500605300004],[-75.13385676199994,39.95422506700004],[-74.81612267099996,40.12774811200006],[-74.72436364299995,40.14645111900006],[-74.77172066299994,40.21529513100006],[-74.84230968699995,40.250516136000044],[-74.94377772499996,40.34257215000008],[-74.96399873499996,40.395254160000036],[-75.05884976599998,40.41807316100005],[-75.06861677699999,40.54223118500005],[-75.19511581999996,40.57969718800007],[-75.17158882499996,40.77775322700006],[-75.13440181299995,40.77377322800004],[-75.05103079199995,40.86567024900006],[-75.13057682499993,40.99110127000006],[-75.02710379499996,41.03953728300007],[-74.98221378599999,41.10825329800008],[-74.88214075799993,41.18084431600005],[-74.83836774999997,41.27729433600007],[-74.75324072799998,41.346130352000046],[-74.69491570999998,41.35743135700005],[-74.73473272699994,41.42270736800003],[-74.88869277699996,41.43826736500006],[-74.98334280999995,41.48090237000008],[-75.04356383899994,41.62364839500003],[-75.05343285099997,41.752546419000055],[-75.10464186899998,41.774211421000075],[-75.11337087599998,41.84070643300004],[-75.26381692599995,41.87076543300003],[-75.27909593599998,41.93892544600004],[-75.35958096599995,41.99945345400005],[-76.34372428099994,41.99835441500005],[-77.12469553099999,41.99940338400006],[-77.74993372999995,41.998790358000065],[-78.87476208499999,41.99756731000008],[-79.76137736399994,41.99907527100004],[-79.76195438599996,42.26986832000006],[-79.87322141799996,42.23199230800003],[-80.06108346999997,42.14486528400005],[-80.09992348399999,42.17189028700005],[-80.18808850599999,42.09426526900006],[-80.32997954499996,42.036176252000075],[-80.51942859999997,41.977531233000036],[-80.51879754499998,41.30551710900005],[-80.51899449399997,40.638808984000036],[-80.51934542599997,39.721410809000076],[-79.47666510499994,39.721085853000034]]]},"properties":{"shapeName":"Pennsylvania","shapeISO":"US-PA","shapeID":"66186276B6628180846672","shapeGroup":"USA","shapeType":"ADM1"}},
{"type":"Feature","geometry":{"type":"Polygon","coordinates":[[[-94.61792621899997,36.49942052700004],[-94.11068008499996,36.498593553000035],[-93.42699590199999,36.49859158800007],[-92.37516561799998,36.49720564000006],[-91.40714335399997,36.49711868800006],[-90.87378120799997,36.498080714000025],[-90.15248700799998,36.49795874800003],[-90.14414500099997,36.42581273500008],[-90.06451997599999,36.38209173000007],[-90.06398596999998,36.303044715000055],[-90.14224598599998,36.227528697000025],[-90.22043100499997,36.184770685000046],[-90.29311501999996,36.11437466800004],[-90.37789603499994,35.99568964100007],[-89.73310085699995,36.00061467200004],[-89.68003484699994,36.082500690000074],[-89.59400582699999,36.12719670300004],[-89.60700983299995,36.17118571100008],[-89.70446486499998,36.235474719000024],[-89.53475081899995,36.25258273000003],[-89.62026084799999,36.323012740000024],[-89.53182782399995,36.339252747000046],[-89.53923783799996,36.49794077700005],[-89.57151485099996,36.552575786000034],[-89.48484182799996,36.57182779400006],[-89.48543282299994,36.49749777900007],[-89.41728080399997,36.499017783000056],[-89.36555379799995,36.625065810000024],[-89.32673678799995,36.632192813000074],[-89.22732475599997,36.569381805000035],[-89.15908574299993,36.66635882700007],[-89.19781375999997,36.73941883900005],[-89.11685273999996,36.77561385000007],[-89.13797475099994,36.847355863000075],[-89.09901274799995,36.96139588600005],[-89.13269075899996,36.982206889000054],[-89.26000879799994,37.023294891000035],[-89.29213580499999,36.99219588300008],[-89.37828283199997,37.039611888000024],[-89.37571783499999,37.080511896000075],[-89.51703788999998,37.28192692700003],[-89.43604587199997,37.344447943000034],[-89.43977487999996,37.437206960000026],[-89.51705690899996,37.537284975000034],[-89.51201491899997,37.68553200300005],[-89.66799896899994,37.759491009000044],[-89.669649973,37.79992901700007],[-89.79609301299996,37.85951202100006],[-89.84265502999995,37.90520302700003],[-89.90183804299994,37.869829018000075],[-90.00835908099998,37.970186031000026],[-90.13079412299999,38.06234804200005],[-90.24312215899994,38.11267604500006],[-90.35390819799994,38.213862058000075],[-90.37393520899997,38.28186007000005],[-90.34974920999997,38.377616088000025],[-90.29532219899994,38.426760100000024],[-90.26032019799999,38.52835912000006],[-90.17801618399994,38.63375714400007],[-90.20521619999994,38.73215716000004],[-90.12311318199994,38.79805517600005],[-90.11333318399994,38.849313186000074],[-90.25025422799996,38.91935119100003],[-90.45079828899998,38.967771189000075],[-90.54587830799994,38.87401516800003],[-90.66337834499996,38.928049171000055],[-90.71359136999996,39.05557419100006],[-90.68275036499995,39.088355199000034],[-90.72698739199996,39.25118022500004],[-90.84750643399997,39.34527923500008],[-91.05944550399994,39.46886724500007],[-91.10031352199996,39.53870225500003],[-91.14828153599996,39.54580525400007],[-91.36775961499995,39.729036274000066],[-91.36157761799996,39.787555284000064],[-91.43292564299998,39.84056128900005],[-91.41936664799994,39.92772430500003],[-91.49488467899994,40.03646032000006],[-91.50583470199996,40.23884635400003],[-91.46214669999995,40.342421374000025],[-91.41942869099995,40.378271383000026],[-91.52461872399994,40.41077238200006],[-91.62516776499996,40.54350739900008],[-91.68172078199996,40.55304239700007],[-91.72912180099996,40.61364740500005],[-92.09639390299998,40.60183738100005],[-92.68670006599996,40.58981634500003],[-93.26061922299994,40.58080430900003],[-94.08023044699996,40.572906258000046],[-94.63203959599997,40.57119322400007],[-95.76565290299999,40.58521515600006],[-95.75711789399998,40.525997147000055],[-95.69465887099994,40.47145914200007],[-95.62271183799999,40.340863126000045],[-95.55628281299994,40.270768119000024],[-95.46972578599997,40.227915117000066],[-95.48254778499995,40.192290110000044],[-95.398674756,40.126426105000064],[-95.41359575099995,40.038431090000074],[-95.30829771899994,40.00000509000006],[-95.19382367799994,39.90069708000004],[-95.08501064499995,39.86189008100007],[-94.95928361499995,39.90167809500008],[-94.88694058899995,39.833105088000025],[-94.96898859699996,39.69296106000007],[-95.02765160999996,39.66546105200007],[-95.05690460899996,39.58057403600003],[-95.10289561699994,39.53335402500005],[-95.03750759199994,39.463696018000064],[-94.92311755399999,39.38449901100006],[-94.90005653999998,39.30019899800004],[-94.82379851099995,39.209880988000066],[-94.714144477,39.17040998700003],[-94.66914246599998,39.182009992000076],[-94.60829744399996,39.11795098500005],[-94.61218339399994,38.57655289200005],[-94.61798231999995,37.722182744000065],[-94.61797125899994,36.99891161700003],[-94.61792621899997,36.49942052700004]]]},"properties":{"shapeName":"Missouri","shapeISO":"US-MO","shapeID":"66186276B13694661525286","shapeGroup":"USA","shapeType":"ADM1"}},
{"type":"Feature","geometry":{"type":"Polygon","coordinates":[[[-102.04209813199998,36.99302220200008],[-102.04158319599998,37.68044230900006],[-102.04512128099998,38.52379043800005],[-102.04786037199995,39.220295821000036],[-102.05175344199995,40.003084657000045],[-102.05152850199994,40.52010073200006],[-102.05162355999994,41.002383801000065],[-102.96071578099998,41.00206573600008],[-104.05325904199998,41.00141265800005],[-104.94338125099995,40.99809031600006],[-105.73043143299998,40.99689253500003],[-106.21758354499997,40.99774049900003],[-107.00061672299995,41.00345044100004],[-107.69139084999995,41.00211062600005],[-108.52667805999994,40.99961432500004],[-109.05008717399994,41.000665285000025],[-109.05095710099994,40.444374218000064],[-109.05062602899994,39.87497614800003],[-109.05152293999998,39.12610105300007],[-109.05955189499997,38.71989400100006],[-109.06007284599997,38.27549494300007],[-109.04177282999996,38.16469593000005],[-109.04187576299995,37.53073184600004],[-109.04523371,36.99908977500007],[-108.24936854099997,36.99902082500006],[-107.71241491999996,37.00000884800005],[-106.87730224299997,37.00014491100006],[-106.869806241,36.99243191100004],[-106.20147909299999,36.99412795200004],[-105.44726492399997,36.99602299900005],[-105.02923782899995,36.99273502400007],[-104.33884267099995,36.993541066000034],[-103.47183128499995,36.99902557100006],[-103.00220835999994,37.00011014700004],[-102.69815128799996,36.99515516400004],[-102.04209813199998,36.99302220200008]]]},"properties":{"shapeName":"Colorado","shapeISO":"US-CO","shapeID":"66186276B35012827062242","shapeGroup":"USA","shapeType":"ADM1"}},
{"type":"Feature","geometry":{"type":"Polygon","coordinates":[[[-114.04148933899995,41.99387899300007],[-114.04024326399997,41.491695943000025],[-114.04318816299997,40.77168086800003],[-114.04619011299997,40.39831882900006],[-114.04779503399999,39.79416576400007],[-114.04911593599996,39.005514678000054],[-114.05049687599995,38.49996062200006],[-114.04848479699996,37.809866544000045],[-114.05297377499994,37.59278851900007],[-114.05061171199998,37.00040145000003],[-113.45777555599994,37.00010503800007],[-112.82951372899998,37.00042959000007],[-111.86543466799998,37.001266430000044],[-111.13372914099995,37.00078464100005],[-110.50070101299997,37.00426568300003],[-110.46731945299996,36.998006572000065],[-109.69923221699997,36.998371398000074],[-109.04523371,36.99908977500007],[-109.04187576299995,37.53073184600004],[-109.04177282999996,38.16469593000005],[-109.06007284599997,38.27549494300007],[-109.05955189499997,38.71989400100006],[-109.05152293999998,39.12610105300007],[-109.05062602899994,39.87497614800003],[-109.05095710099994,40.444374218000064],[-109.05008717399994,41.000665285000025],[-109.53493727699998,40.99814924800006],[-110.23785942599994,40.99543319300005],[-111.04673459499998,40.99796513000007],[-111.04591189699994,41.52159143200004],[-111.04672573699997,42.00170824200006],[-112.153859964,41.99723215100005],[-112.17315996899998,42.00152115000003],[-112.77506709,41.99981210000004],[-113.84334929999994,41.98844800900008],[-114.04148933899995,41.99387899300007]]]},"properties":{"shapeName":"Utah","shapeISO":"US-UT","shapeID":"66186276B31593004124297","shapeGroup":"USA","shapeType":"ADM1"}},
{"type":"Feature","geometry":{"type":"Polygon","coordinates":[[[-88.20006936099998,34.99564054200005],[-88.20296436299998,35.008034544000054],[-87.39131913399996,35.002380577000054],[-86.862151983,34.991962597000054],[-86.52848988799997,34.990683611000065],[-85.60516962299994,34.98468464700005],[-84.93931043099997,34.98792267400006],[-84.32187325299998,34.98841469900003],[-84.29024425699998,35.22557875000007],[-84.10670420499997,35.25151676200005],[-84.02351418399996,35.29578977500006],[-84.01471118799998,35.411989799000025],[-83.88007815499998,35.518751827000074],[-83.77174012599994,35.562124840000024],[-83.49833904599996,35.56298785100006],[-83.44580603299994,35.611809863000076],[-83.31276099699994,35.65481587700003],[-83.24067297999994,35.726766895000026],[-83.07873593599999,35.789478915000075],[-82.98397390799994,35.77801691600007],[-82.90130488899996,35.872599939000054],[-82.91334089599997,35.924119949000044],[-82.78746886,35.95216996000005],[-82.78527086199995,35.98793396700006],[-82.63226882099997,36.06571199000007],[-82.61089280899995,35.96741597000005],[-82.54968579099994,35.96428197200004],[-82.46066176699998,36.00781598400005],[-82.40946175599998,36.083416002000035],[-82.28945872399999,36.13571701800004],[-82.14795168299997,36.149523026000054],[-82.13064967499997,36.10642401800004],[-82.03314464699997,36.12042902400003],[-81.90814061999998,36.30202006700006],[-81.83320560099997,36.34734607900003],[-81.75442357699995,36.33705108000004],[-81.69531456699997,36.467919110000025],[-81.67753856899998,36.588124135000044],[-81.92264764399994,36.616220131000034],[-81.93414764599999,36.59422012600004],[-82.88801692899995,36.593468088000066],[-83.67539916199996,36.60079105700004],[-83.69071816499996,36.58258805300005],[-84.54314241599997,36.59628402000004],[-84.84309550399996,36.60513400900004],[-85.19537660799995,36.62550499800005],[-85.48835769199997,36.61500098300007],[-85.83217679199998,36.62205296900004],[-86.33305593899996,36.648784953000074],[-86.58991101299995,36.65249294200004],[-87.11498116299998,36.64242091600005],[-87.85320937199998,36.63325388100003],[-87.84957237299994,36.663707887000044],[-88.07053743699998,36.67812488000004],[-88.03249441699995,36.540668855000035],[-88.05321041999997,36.49713584600005],[-88.88456265499997,36.50171080800004],[-89.30028977199999,36.507153790000075],[-89.41728080399997,36.499017783000056],[-89.48543282299994,36.49749777900007],[-89.53923783799996,36.49794077700005],[-89.53182782399995,36.339252747000046],[-89.62026084799999,36.323012740000024],[-89.53475081899995,36.25258273000003],[-89.70446486499998,36.235474719000024],[-89.60700983299995,36.17118571100008],[-89.59400582699999,36.12719670300004],[-89.68003484699994,36.082500690000074],[-89.73310085699995,36.00061467200004],[-89.65615282999994,35.925816661000056],[-89.76569485799996,35.89130564900006],[-89.78179885699996,35.80509063200003],[-89.82122186399994,35.75672262100005],[-89.95028389899994,35.738499611000066],[-89.94541088799997,35.60161758500004],[-90.03974990999995,35.54804757000005],[-90.10772892399996,35.476941553000074],[-90.13048092599996,35.41375154000008],[-90.074997909,35.384158537000076],[-90.152099922,35.25599550800007],[-90.06539788999999,35.13769748900006],[-90.17360891899995,35.11807948000006],[-90.20940292299997,35.02655246100005],[-90.29200194599997,35.04179946000005],[-90.30930294799998,34.99570045000007],[-89.84849382099998,34.99419947000007],[-89.15683262899995,34.99393250000003],[-88.20006936099998,34.99564054200005]]]},"properties":{"shapeName":"Tennessee","shapeISO":"US-TN","shapeID":"66186276B52324970173776","shapeGroup":"USA","shapeType":"ADM1"}},
{"type":"Feature","geometry":{"type":"Polygon","coordinates":[[[-111.04672573699997,42.00170824200006],[-111.04591189699994,41.52159143200004],[-111.04673459499998,40.99796513000007],[-110.23785942599994,40.99543319300005],[-109.53493727699998,40.99814924800006],[-109.05008717399994,41.000665285000025],[-108.52667805999994,40.99961432500004],[-107.69139084999995,41.00211062600005],[-107.00061672299995,41.00345044100004],[-106.21758354499997,40.99774049900003],[-105.73043143299998,40.99689253500003],[-104.94338125099995,40.99809031600006],[-104.05325904199998,41.00141265800005],[-104.05248810799998,41.51576072700004],[-104.052709172,41.99867979100003],[-104.05311724099994,42.49997085600006],[-104.05303831299994,43.000593921000075],[-104.05503239499996,43.55748599100008],[-104.05467546799997,44.03117405000006],[-104.05584315999994,44.57101669100007],[-104.05788962399998,44.99761216600007],[-104.50677573399997,44.998500129000035],[-105.37131864799994,45.00025143000005],[-105.913160071,45.00024501000007],[-105.92818507399994,44.99349400700004],[-106.56675110099997,44.99485223200003],[-107.08489734499994,44.99660690800005],[-108.24981961199995,44.99990080600003],[-109.08286079899995,44.99955773200003],[-109.10323980499999,45.005821731000026],[-110.18323304099994,44.996959633000074],[-110.70448815299994,44.99218058500003],[-111.05456822899998,45.00096155400007],[-111.05244613599996,44.47841750200007],[-111.04535077699995,43.54333022700007],[-111.04357584499996,42.722630321000054],[-111.04672573699997,42.00170824200006]]]},"properties":{"shapeName":"Wyoming","shapeISO":"US-WY","shapeID":"66186276B10933057601622","shapeGroup":"USA","shapeType":"ADM1"}},
{"type":"Feature","geometry":{"type":"MultiPolygon","coordinates":[[[[-74.25608951599997,40.50791120700006],[-74.11147247199995,40.54691622000007],[-74.05312645699996,40.603686233000076],[-74.08648646999995,40.64860924100003],[-74.20058150599993,40.63145623400004],[-74.21088850499996,40.56091021900005],[-74.25608951599997,40.50791120700006]]],[[[-73.26495833699994,42.745948671000065],[-73.27867434799998,42.83341868700006],[-73.24769938399999,43.523181815000044],[-73.30207740899993,43.62437283200006],[-73.36556342899996,43.62344882900004],[-73.40474044699994,43.69022184000005],[-73.35059443499995,43.77194785700004],[-73.39249345199994,43.82078786400007],[-73.37405244999997,43.87557187500005],[-73.43774148299997,44.04501490300004],[-73.39058447799994,44.19089493100006],[-73.31102645699997,44.274248949000025],[-73.33357647199995,44.37229696500003],[-73.29603246299996,44.428347977000044],[-73.30670847199997,44.500342989000046],[-73.39023250899999,44.61836200700003],[-73.36556250899997,44.74179503000005],[-73.33315550199995,44.78876803900005],[-73.37945352099996,44.838019046000056],[-73.33898051399996,44.91769006200008],[-73.34312552199998,45.010849078000035],[-74.14681578799997,44.991509044000054],[-74.68397496699998,44.99969902400005],[-74.83467101899998,45.01469202000004],[-74.97246506199997,44.983411009000065],[-75.13986810999995,44.89669298800004],[-75.30763216099996,44.836821970000074],[-75.76623228599993,44.51585989500006],[-75.82083229699998,44.43225287800004],[-75.91298732199994,44.36809286300007],[-76.16183539599996,44.28078583800004],[-76.16426739399998,44.23961183000006],[-76.31264943899998,44.19905281700005],[-76.36970144999998,44.10467979800006],[-76.26590540699993,43.994560783000054],[-76.20255038599998,43.98942578400005],[-76.13044835799997,43.933090777000075],[-76.23736538399999,43.81577475200004],[-76.19658235899993,43.66316872600004],[-76.20347535399998,43.574986710000076],[-76.29126037799995,43.513791696000055],[-76.41063841699997,43.52316769200007],[-76.63077647999995,43.41336466400003],[-76.69402849499994,43.34646964900003],[-76.94453856999996,43.27297362500008],[-77.14964363699994,43.28923761900006],[-77.34109469799995,43.280669610000075],[-77.56507776699993,43.238173593000056],[-77.75693383699996,43.33736960200008],[-78.10451195099995,43.37563659400007],[-78.48586007299997,43.374892577000026],[-78.63434911899998,43.35763256700005],[-79.06467324899995,43.26276253100008],[-79.04236923199994,43.14366351000007],[-79.07447023599997,43.07786349700007],[-79.00713321399996,43.065765498000076],[-79.01156620799998,42.98526448300004],[-78.93236318099997,42.955865482000036],[-78.85945914799998,42.84136646400003],[-78.86570114399996,42.77174545200006],[-79.04675719499994,42.69135442900006],[-79.13857221399996,42.56447040200004],[-79.31786826599995,42.502348383000026],[-79.45353630099999,42.41116536000004],[-79.76195438599996,42.26986832000006],[-79.76137736399994,41.99907527100004],[-78.87476208499999,41.99756731000008],[-77.74993372999995,41.998790358000065],[-77.12469553099999,41.99940338400006],[-76.34372428099994,41.99835441500005],[-75.35958096599995,41.99945345400005],[-75.27909593599998,41.93892544600004],[-75.26381692599995,41.87076543300003],[-75.11337087599998,41.84070643300004],[-75.10464186899998,41.774211421000075],[-75.05343285099997,41.752546419000055],[-75.04356383899994,41.62364839500003],[-74.98334280999995,41.48090237000008],[-74.88869277699996,41.43826736500006],[-74.73473272699994,41.42270736800003],[-74.69491570999998,41.35743135700005],[-74.30199557199995,41.17260233500008],[-73.90501143299997,40.99759931600005],[-73.92900743499996,40.889586294000026],[-74.01378545399996,40.756609265000066],[-74.02454445399997,40.70944425500005],[-74.04241345499997,40.624855238000066],[-73.94059241699995,40.54290422500003],[-73.77492936699997,40.59076724000005],[-73.57008430099995,40.58402024600008],[-73.34176723099995,40.63270826400003],[-73.20844118799994,40.630892268000025],[-73.05496414099997,40.66637928000006],[-72.76815305399998,40.76159530800004],[-72.47409796399995,40.84084533400005],[-72.11444885499998,40.97209337100003],[-71.88050278399999,41.04880439400006],[-71.95959581099999,41.07124539600005],[-72.09545684999995,40.99135737600005],[-72.16289887499994,41.05319538600003],[-72.26051590599997,41.04207338000003],[-72.35412394199994,41.13996039600005],[-72.39700095399996,41.09631538600007],[-72.63556302399996,40.981965356000046],[-72.77410506799998,40.96532234800003],[-73.04864015599998,40.96361033900007],[-73.11833217899994,40.97807933900003],[-73.14899518599998,40.92890632800004],[-73.22838521099999,40.90596932100004],[-73.35276225199993,40.92670532100004],[-73.39286326599995,40.95530532500004],[-73.47533428899999,40.897526311000036],[-73.56617031999997,40.91580631100004],[-73.81281139499998,40.84674528900007],[-73.75677738099995,40.91260730400006],[-73.65733735299995,40.98517932200008],[-73.72777638299993,41.10070434200003],[-73.48271031099995,41.21276837200003],[-73.55096233799998,41.29543038600008],[-73.48731536499997,42.04964653300004],[-73.50814337399999,42.08626553900007],[-73.26495833699994,42.745948671000065]]]]},"properties":{"shapeName":"New York","shapeISO":"US-NY","shapeID":"66186276B43575054209436","shapeGroup":"USA","shapeType":"ADM1"}},
{"type":"Feature","geometry":{"type":"Polygon","coordinates":[[[-94.61797125899994,36.99891161700003],[-94.61798231999995,37.722182744000065],[-94.61218339399994,38.57655289200005],[-94.60829744399996,39.11795098500005],[-94.66914246599998,39.182009992000076],[-94.714144477,39.17040998700003],[-94.82379851099995,39.209880988000066],[-94.90005653999998,39.30019899800004],[-94.92311755399999,39.38449901100006],[-95.03750759199994,39.463696018000064],[-95.10289561699994,39.53335402500005],[-95.05690460899996,39.58057403600003],[-95.02765160999996,39.66546105200007],[-94.96898859699996,39.69296106000007],[-94.88694058899995,39.833105088000025],[-94.95928361499995,39.90167809500008],[-95.08501064499995,39.86189008100007],[-95.19382367799994,39.90069708000004],[-95.30829771899994,40.00000509000006],[-96.15425394399995,40.000457038000036],[-97.04967117899997,40.00132998300006],[-97.83838738499998,40.001916933000075],[-98.71041260899995,40.00218687700004],[-99.75684387399997,40.001348810000025],[-100.46878205199994,40.00173076300007],[-101.40996228499995,40.002360700000054],[-102.05175344199995,40.003084657000045],[-102.04786037199995,39.220295821000036],[-102.04512128099998,38.52379043800005],[-102.04158319599998,37.68044230900006],[-102.04209813199998,36.99302220200008],[-101.48533499799998,36.995617235000054],[-100.43428300499994,37.00111614900004],[-99.64866054999999,36.99961034100005],[-99.12945742099998,36.99942837100008],[-98.21950719199998,36.99783042200005],[-97.41449411699995,36.998789087000034],[-96.50029575199994,36.99864951600006],[-95.51158549499996,36.99924156900005],[-94.61797125899994,36.99891161700003]]]},"properties":{"shapeName":"Kansas","shapeISO":"US-KS","shapeID":"66186276B64014601259366","shapeGroup":"USA","shapeType":"ADM1"}},
{"type":"Feature","geometry":{"type":"MultiPolygon","coordinates":[[[[179.48244879600009,51.98283239400007],[179.52185281300012,51.89676341200004],[179.6494687940001,51.873668430000066],[179.74299676500004,51.91174743400006],[179.77390674200012,51.970691428000066],[179.66331174900006,52.02293940700008],[179.48244879600009,51.98283239400007]]],[[[178.62552106400005,51.63730135800006],[178.7060320600001,51.59318037400004],[178.84361603700006,51.57864039100008],[178.95161102500003,51.541961409000066],[179.06033902700005,51.45487343500008],[179.26160301400012,51.35768647200007],[179.1910669990001,51.46293344700007],[179.07678801200007,51.49851642900006],[178.9038950150001,51.614912392000065],[178.62552106400005,51.63730135800006]]],[[[178.44694900500008,51.97822028300004],[178.50247801600005,51.899642302000075],[178.59022998600005,51.94545530400006],[178.44694900500008,51.97822028300004]]],[[[177.20330828500005,51.89656016400005],[177.2934092800001,51.845608182000035],[177.40952123300008,51.93081918000007],[177.56049820500004,51.91636219900005],[177.53820819200007,51.978895186000045],[177.67593713200006,52.09216518100004],[177.5633811470001,52.12195716400004],[177.4974261970001,51.993326179000064],[177.34556223700008,51.96300316800006],[177.20330828500005,51.89656016400005]]],[[[173.35608899800002,52.40556067800003],[173.46542797900008,52.38461869300005],[173.58877994600005,52.40097070200005],[173.7256819260001,52.356576724000035],[173.70772689700004,52.47737470100003],[173.62386890900007,52.50694568700004],[173.5300909460001,52.44996568800008],[173.44568196400007,52.455028678000076],[173.35608899800002,52.40556067800003]]],[[[172.46165306700004,52.92715749300004],[172.51298206100012,52.90517850200007],[172.64035802500007,52.92543851200003],[172.75422201100002,52.87748753200003],[172.76335202400003,52.823653542000045],[172.9036140070001,52.76166456800007],[172.99845797500006,52.79697657100007],[173.1668849360001,52.79522658900004],[173.22905590400012,52.856153584000026],[173.3023168960001,52.82328359700006],[173.42166786200005,52.84547460600004],[173.29538486900003,52.92698457800003],[173.21173788500005,52.939486567000074],[173.10723489500003,52.993225547000065],[172.7465519760001,53.010747507000076],[172.62906300600002,53.00132149700005],[172.46165306700004,52.92715749300004]]],[[[-131.49837354099998,54.93473966200003],[-131.343596489,54.85579168400005],[-131.26278448099998,54.86038869500004],[-131.19148049599994,54.914634705000026],[-131.25441852899996,54.97568369600003],[-131.33503954699995,54.99488568500004],[-131.49837354099998,54.93473966200003]]],[[[-131.64820660599997,55.04649964100008],[-131.60780057799997,54.99390364700008],[-131.38557055999996,55.01176167800003],[-131.35158260099996,55.11860468300006],[-131.39626564599996,55.209705677000045],[-131.54980669099996,55.27176865500007],[-131.60993968399998,55.23858064700005],[-131.54315162499995,55.120235656000034],[-131.64820660599997,55.04649964100008]]],[[[-132.56179931599996,56.39361250700006],[-132.50024028899998,56.352809516000036],[-132.40374230299994,56.40518653000004],[-132.49263433,56.440284517000066],[-132.56179931599996,56.39361250700006]]],[[[-132.82954468599996,54.92110547500005],[-132.78177065199998,54.85411848200005],[-132.65580064699998,54.873473500000046],[-132.72544068199994,54.94015649000005],[-132.82954468599996,54.92110547500005]]],[[[-133.07007735399998,56.355212434000066],[-132.87256527499994,56.23221846300004],[-132.65722727199994,56.27790149400005],[-132.67802430799998,56.350471491000064],[-132.62264531999995,56.38851449800006],[-132.66839834999996,56.44097449100008],[-132.92770738699994,56.45818245400005],[-133.01137038099995,56.424744442000076],[-133.07007735399998,56.355212434000066]]],[[[-133.45571201899998,55.53224538300003],[-133.40651198999996,55.47988539100004],[-133.30692497999996,55.48109740500007],[-133.33924902299998,55.57002540000008],[-133.45571201899998,55.53224538300003]]],[[[-133.69030194399994,55.307237351000026],[-133.57383893499997,55.31454136800005],[-133.41197896399996,55.41949739000006],[-133.61305598499996,55.41882236200007],[-133.69030194399994,55.307237351000026]]],[[[-133.81662924699998,55.95421632800003],[-133.69850221499996,55.91107834600007],[-133.59368522999995,55.96725436000003],[-133.35315316599997,55.88409339600008],[-133.37074213399995,55.80870139400008],[-133.487205137,55.789596377000066],[-133.55328016599998,55.83633936700005],[-133.702067157,55.78371634600006],[-133.64359812599997,55.72874735500005],[-133.52974909799997,55.69299537200004],[-133.42208009499996,55.711745387000065],[-133.41613805699996,55.626896388000034],[-133.30633002099995,55.57412440400003],[-133.192244,55.55329142100004],[-133.079821929,55.42131843800007],[-133.15611691799995,55.377183427000034],[-133.46367392499997,55.31920738300005],[-133.460346884,55.225239384000076],[-133.34103186199997,55.20462940200008],[-133.25617985999997,55.22008841400003],[-133.20127581799994,55.136483422000026],[-133.23811579999995,55.08441441700006],[-133.14732272699996,54.93763043000007],[-132.94220463899995,54.78277046000005],[-132.85022259199997,54.69275647300003],[-132.72021157799998,54.69344249100004],[-132.74992163399997,54.81989748600006],[-132.91463369499996,54.92069546300007],[-132.95408873999997,55.01592745700003],[-133.01612275899998,55.044943448000026],[-133.01065679199996,55.122895449000055],[-133.09503283699996,55.20707043600004],[-132.939352822,55.210325459000046],[-132.89395574199995,55.036635466000064],[-132.73732471099999,55.00420648800008],[-132.683371723,55.047121495000056],[-132.69882076,55.12778749300003],[-132.54670572999999,55.09692851400007],[-132.61634568399995,54.971341505000055],[-132.52317564099997,54.89623751800008],[-132.42239863099996,54.89678453200003],[-132.361790591,54.81839154100004],[-132.46351759199996,54.79441952700006],[-132.16689351599996,54.69165756800004],[-132.05577750699996,54.70127258400004],[-131.95238753799998,54.80311959800008],[-131.98637556899996,54.86779859400008],[-131.99029762899994,55.00843159300007],[-132.08929065499996,55.04249157900006],[-131.99314967299995,55.10964159300005],[-131.992436737,55.259589593000044],[-132.09428275199997,55.26669957800004],[-132.15168179299997,55.34665257000006],[-132.24901182599996,55.39595055600006],[-132.31770086699999,55.47032154600004],[-132.411346897,55.51529353300003],[-132.55965891,55.50627651100007],[-132.50237893399998,55.576609519000044],[-132.23011686299998,55.48453155800007],[-132.19838587199996,55.51428456300005],[-132.32780291399996,55.575266544000044],[-132.35513594799994,55.64333054000008],[-132.44141396999999,55.67068452800004],[-132.46981702399995,55.783649523000065],[-132.61682109699996,55.90874750200004],[-132.83988417799998,56.032645469000045],[-132.93210420199995,56.06072145500008],[-133.09348821299994,56.04625443200007],[-133.12236623799998,56.09381642800008],[-133.04678425599997,56.150918438000076],[-133.07388030299995,56.246120434000034],[-133.17501235299994,56.32889941800005],[-133.46533838599998,56.33265437600005],[-133.62482141599997,56.358734353000045],[-133.66475139699997,56.31090734700007],[-133.632427351,56.21877435300007],[-133.54187130599996,56.143239367000035],[-133.68899528999998,56.07485134600006],[-133.81662924699998,55.95421632800003]]],[[[-133.82316501799994,55.444310331000054],[-133.73973902199998,55.472072343000036],[-133.66748499899995,55.437973354000064],[-133.58429703399997,55.536818365000045],[-133.73760005799994,55.553896343000076],[-133.82316501799994,55.444310331000054]]],[[[-134.421167729,56.837162231000036],[-134.40048967299998,56.726746235000064],[-134.30826959999996,56.59572925000003],[-134.20178956299998,56.541255267000054],[-134.12406751499998,56.45782027900003],[-134.29282048299996,56.354060255000036],[-134.25930736899994,56.11880026300008],[-134.23601534299996,56.06934626600008],[-134.13642733199998,56.066029281000056],[-134.09649737999996,56.17917328600004],[-133.93677634999995,56.14952830900006],[-133.83148441999998,56.322968323000055],[-133.907066483,56.438773311000034],[-133.84122953899998,56.56889431900004],[-133.66463251299996,56.55330934500006],[-133.65465045599996,56.43614534800008],[-133.53462244399998,56.438444365000066],[-133.35802644199998,56.47367539100003],[-133.12569441799997,56.47741642500006],[-133.08505043899999,56.52975443000008],[-132.816829392,56.494182469000066],[-132.73815738899998,56.50585748100008],[-132.54207140399996,56.58395050900003],[-132.62098145299996,56.66854349700003],[-132.737919488,56.712661480000065],[-132.81801753499997,56.791629467000064],[-132.91356555199997,56.80438445300007],[-132.99556462799995,56.93973444000005],[-133.07661366199994,56.99052542800007],[-133.193076685,57.011237410000035],[-133.408651707,57.008131379000076],[-133.595468752,57.05805435000008],[-133.88092180299998,57.099778308000054],[-134.01212080299996,57.07162328900006],[-134.03707777999995,57.02120028500008],[-133.89042872799996,56.94660530800007],[-133.89660869799997,56.885107308000045],[-133.777055648,56.80919832600006],[-133.94628366299997,56.80217230100004],[-133.999523679,56.82454829300008],[-134.04420773099997,56.920280286000036],[-134.355567749,56.89185924000003],[-134.421167729,56.837162231000036]]],[[[-134.968782584,58.37121412600004],[-134.91815649799997,58.224706136000066],[-134.80145642099995,58.10472615600003],[-134.70567126499998,57.83091617500003],[-134.73419222099994,57.741971172000035],[-134.67358414999995,57.618328183000074],[-134.612025115,57.56355219300008],[-134.58160206499997,57.47228719900005],[-134.466565012,57.39296421700004],[-134.651716949,57.23110019200004],[-134.60822184999995,57.04435120100004],[-134.54618783299998,57.02210621000006],[-134.37363184999998,57.092031235000036],[-134.15781888499998,57.20587726500003],[-134.09388291699997,57.28085127400004],[-133.862144936,57.366698307000036],[-133.930121994,57.46589729600004],[-133.88686400999995,57.506522302000064],[-133.93606407099998,57.614254293000045],[-134.103866144,57.71951026700003],[-134.250752241,57.87416824300004],[-134.270479299,57.97955223800005],[-134.15995827599994,57.95799525500007],[-134.149500236,57.883773258000076],[-134.02971018699998,57.81623327700004],[-133.97908412299995,57.70427528600004],[-133.89256810299997,57.68395129900006],[-133.89993616799995,57.806991296000035],[-134.095071282,57.98131626500003],[-134.18990634699998,58.08362124900003],[-134.17588338599995,58.159563250000076],[-134.32039239299996,58.14401122800007],[-134.56567743699998,58.17924419000008],[-134.69069743899996,58.15893617200004],[-134.70876147899997,58.22821016800003],[-134.80121852499997,58.29535015300007],[-134.968782584,58.37121412600004]]],[[[-135.69346811599996,57.361571034000065],[-135.550384039,57.23701705700006],[-135.35833902999997,57.254377086000034],[-135.402428956,57.10116508200008],[-135.35774492899998,57.055243089000044],[-135.377590898,56.98861608700008],[-135.31805284999996,56.90500109700008],[-135.50059080999995,56.78730007200005],[-135.31519978999995,56.78362209900007],[-135.317101762,56.72616010000007],[-135.15286470799998,56.64692312500006],[-135.05945666099996,56.56817414000005],[-134.94370655699998,56.37505816000004],[-134.80894247999998,56.24004518100003],[-134.687963449,56.19881319900003],[-134.63222749699997,56.312160206000044],[-134.63911957599998,56.47699020300007],[-134.61582764999997,56.63548720500006],[-134.63032569499995,56.72453020100005],[-134.81333994099998,57.18437216800004],[-134.85921196099997,57.21385716100008],[-134.90247002999996,57.34208115300004],[-134.83211605399998,57.40218516200008],[-134.92005807599998,57.42765714900003],[-135.063379087,57.42164312700004],[-135.32268717199997,57.538429087000054],[-135.44770719399997,57.558069067000076],[-135.51924817699995,57.51086305700005],[-135.53493514599995,57.44940305600005],[-135.69346811599996,57.361571034000065]]],[[[-135.87624306299995,57.225760009000055],[-135.76239499599995,57.11378302800006],[-135.84296798999998,57.085767016000034],[-135.82561793999997,56.98903602100006],[-135.636899933,57.009878048000076],[-135.57129996699996,57.09015805700005],[-135.54943401399998,57.188429058000054],[-135.627868079,57.30223604500003],[-135.76477211699995,57.35073702300008],[-135.84130411899997,57.34022101200003],[-135.83251007299998,57.25277001500007],[-135.87624306299995,57.225760009000055]]],[[[-136.57592954899997,58.03196988800005],[-136.57177048299997,57.90944489100008],[-136.366890421,57.82879492400008],[-136.32030537699995,57.75271993200005],[-136.18458935499996,57.73438995300006],[-136.26029033299994,57.68010594300006],[-136.16747626899996,57.573460959000045],[-136.09332025599997,57.56122397000007],[-135.84387614499997,57.390305011000066],[-135.705189121,57.368780032000075],[-135.58456714199997,57.43299804900005],[-135.566147264,57.670384048000074],[-135.01413609999997,57.456531134000045],[-134.89993010599994,57.49065315100006],[-134.86035716199996,57.605882155000074],[-134.95756828199995,57.81639113700004],[-135.07438732699995,57.878496118000044],[-134.92239133599998,57.92377414100008],[-134.95055640099997,58.03920513400004],[-135.116338445,58.091065108000066],[-135.27380146399997,58.09734608400004],[-135.459310502,58.13406705600005],[-135.64434357299996,58.23199402600005],[-135.82937761699998,58.28057599600004],[-136.01132158399997,58.18892197000008],[-136.13990661499997,58.22492395000006],[-136.53742558099998,58.09747089200005],[-136.57592954899997,58.03196988800005]]],[[[-146.33700752399997,60.46391326100007],[-146.23337951399998,60.45031927800005],[-145.82266857399998,60.55248933900003],[-145.97430858299998,60.560901314000034],[-146.14496255999998,60.521860289000074],[-146.29018455899998,60.516597266000076],[-146.33700752399997,60.46391326100007]]],[[[-146.73179347599998,60.38155620200007],[-146.70137040799997,60.27849321200006],[-146.61010137899996,60.235690229000056],[-146.33985944099996,60.33735926700007],[-146.08150145399998,60.36416630700006],[-146.12547249999997,60.43167629700008],[-146.34033448599996,60.406215263000036],[-146.39238653799998,60.482889251000074],[-146.62341153899996,60.479142214000035],[-146.73179347599998,60.38155620200007]]],[[[-147.92950010299998,59.78626904300006],[-147.87649708899997,59.763895053000056],[-147.52829613499998,59.83945210400003],[-147.44154315399996,59.870724116000076],[-147.49621019699998,59.93889610400004],[-147.38331222199997,59.97828111900003],[-147.36382225999998,60.03946711900005],[-147.19934833099998,60.15121013900006],[-146.96570839199998,60.248542171000054],[-146.91650941899996,60.290975177000064],[-147.08549947099996,60.36874314500005],[-147.21075645899998,60.34793712600003],[-147.19768439199996,60.245829134000076],[-147.30178836899998,60.20817912000007],[-147.43536429599996,60.09473410500004],[-147.68635323499996,59.99670807000007],[-147.91333813499998,59.83718304300004],[-147.92950010299998,59.78626904300006]]],[[[-147.96925339999996,60.25036601000005],[-147.76033233799998,60.15540604900008],[-147.74559640299998,60.255909046000056],[-147.61772447399997,60.366096060000075],[-147.73157352599998,60.444272037000076],[-147.82070352699998,60.44438902300004],[-147.96925339999996,60.25036601000005]]],[[[-148.02143071399996,60.72403097400007],[-147.93525866799996,60.655526992000034],[-147.84556969199997,60.691950004000034],[-147.95133772899996,60.74564598400008],[-148.02143071399996,60.72403097400007]]],[[[-148.05752820699996,59.94958301300005],[-147.87047423299998,59.991333041000075],[-147.93345926499998,60.04074602800006],[-148.05752820699996,59.94958301300005]]],[[[-148.15307523799996,59.99786999500003],[-147.88972630499998,60.10347503100007],[-148.04089030999998,60.11082000700003],[-148.15307523799996,59.99786999500003]]],[[[-152.08639740899997,60.34453634300007],[-151.95852642899996,60.36934036200006],[-151.98181844399997,60.39447735600004],[-151.83683450799998,60.48581937300003],[-151.92572652499996,60.51507835700005],[-152.01152842799996,60.371455353000044],[-152.08639740899997,60.34453634300007]]],[[[-153.41968100299997,58.06076729700004],[-153.13113798999996,58.01811634500007],[-152.89084397199997,57.96923938500004],[-152.78008498799997,57.99280440000007],[-152.73350002099997,58.050329403000035],[-152.57021406199996,58.11655042400008],[-152.34822107299996,58.12408245700004],[-152.31114313799998,58.24087045500005],[-152.20157210499997,58.17588247600003],[-152.08368309599996,58.15344049600003],[-151.96484315699996,58.25850550700005],[-152.08297018099998,58.30773648500008],[-152.08986321799998,58.373729480000065],[-152.21678421899998,58.38133145900008],[-152.28523624099998,58.423921446000065],[-152.36985020199998,58.35901943700003],[-152.48655019499998,58.352784420000035],[-152.53337322699997,58.41234440800008],[-152.40930427699996,58.494293422000055],[-152.33681233199997,58.58806842700005],[-152.34085336099997,58.638696422000066],[-152.57377934299998,58.620261388000074],[-152.64341931899997,58.58224537900003],[-152.65102526299998,58.48273938500006],[-152.81145921399997,58.40425136600004],[-152.88799117699998,58.34243235900004],[-152.91223513699998,58.27250636000008],[-153.04723715099996,58.30561333700007],[-153.10261612399998,58.260880332000056],[-153.06339908899997,58.194301342000074],[-153.20363009199997,58.20795232000006],[-153.41968100299997,58.06076729700004]]],[[[-153.57617375099997,59.37555617700008],[-153.51318871999996,59.320301191000055],[-153.36344973599998,59.338123213000074],[-153.41930477999998,59.414037198000074],[-153.57617375099997,59.37555617700008]]],[[[-154.36374418699998,56.54258826700004],[-154.33926317099997,56.507979274000036],[-154.00152018399996,56.506667324000034],[-154.09659223499997,56.61982130100006],[-154.22161122899996,56.61720628300003],[-154.36374418699998,56.54258826700004]]],[[[-154.79537011499997,56.43170021200007],[-154.72810710599998,56.40580122400007],[-154.63731313999997,56.46861123300005],[-154.47046216799998,56.51125725400004],[-154.39416719099998,56.55254626200008],[-154.47355221099997,56.60190124700006],[-154.68936516599996,56.52659822100003],[-154.79537011499997,56.43170021200007]]],[[[-154.79655956999997,57.34800314200004],[-154.72668153799998,57.278176158000065],[-154.59120353299997,57.256714180000074],[-154.52988249799998,57.18310719500005],[-154.52489140299997,56.99469221000004],[-154.40177339399997,56.96580923000005],[-154.22707835599996,56.87474126300003],[-153.97252346099998,57.064668287000075],[-153.98012937699997,56.89733429800003],[-154.12677731499997,56.78527328500007],[-153.97442430099997,56.74436931000008],[-153.73151638199997,56.88928533600006],[-153.60150540899997,56.93301435200004],[-153.53994644499997,57.00064735600006],[-153.63573147099996,57.05911133800004],[-153.57607348999997,57.09321634400004],[-153.35241750299997,57.102382377000026],[-153.34172145499997,57.00789538500004],[-153.23476545699998,57.00375340200003],[-153.17178050599998,57.09696040400007],[-152.91247152899996,57.126257441000064],[-152.94741055999998,57.188645432000044],[-153.07147956799997,57.213108411000064],[-152.74894862899998,57.31195145300006],[-152.64270563499997,57.31657246900005],[-152.62701868099998,57.406176465000044],[-152.68572571099998,57.46655845200007],[-152.33942669799998,57.42268950700003],[-152.29402974899998,57.51739650700006],[-152.15593779199997,57.59224652300003],[-152.31399481099996,57.63642149600008],[-152.42712978599997,57.59453948200007],[-152.46729781899998,57.658934471000066],[-152.46824887599996,57.76722946400008],[-152.32278890999996,57.822711482000045],[-152.41786096799996,57.93657545900004],[-152.53836494799998,57.90527044300006],[-152.60966795499996,57.921683431000076],[-152.70141292399998,57.869514421000076],[-152.80290194399998,57.91347740200007],[-153.05769496199997,57.96104436000007],[-153.31034792399998,57.90779532500005],[-153.50358194899997,57.96621329200008],[-153.53352992699996,57.92723629000005],[-153.45176790299996,57.877982306000035],[-153.52972684499997,57.77432830200007],[-153.61814389899996,57.88101528000004],[-153.75266989799997,57.88847025900003],[-153.85606087999997,57.86306624500003],[-153.93164284799997,57.80840623800003],[-153.92070979099998,57.70086824800006],[-153.67518678399998,57.66923128700006],[-153.87863975699997,57.63247725900004],[-153.80614773499997,57.58613227300003],[-153.92474970299997,57.533093259000054],[-153.98464570599998,57.54419225000004],[-153.98060476199998,57.64939624200008],[-154.23230775899998,57.66376520300008],[-154.33950074099997,57.63769418900006],[-154.42387770799996,57.58103518000007],[-154.63137166099997,57.50858815500004],[-154.71812458499997,57.36979715200005],[-154.79655956999997,57.34800314200004]]],[[[-155.75250578499998,55.82274712000003],[-155.72350976499996,55.77438312800007],[-155.58613076599997,55.76328614800008],[-155.58517980499997,55.84717314200003],[-155.75250578499998,55.82274712000003]]],[[[-157.32927403199997,56.53839483200005],[-157.15030103799998,56.528170859000056],[-157.07709606799997,56.58056986500003],[-157.26819005599998,56.58083183700006],[-157.32927403199997,56.53839483200005]]],[[[-159.48089319999997,55.02024665600004],[-159.42694016999997,54.94182067100007],[-159.32854019299998,54.97743868100008],[-159.37655120899998,55.02406167000004],[-159.48089319999997,55.02024665600004]]],[[[-159.65701422999996,55.12380462200008],[-159.63990119899998,55.046263632000034],[-159.57002320399997,55.04558264100007],[-159.49444124799996,55.137257644000044],[-159.65701422999996,55.12380462200008]]],[[[-160.25703609099997,54.903575559000046],[-160.13427411699996,54.94311757200006],[-160.11335913599999,54.98405357100006],[-159.99178517399997,55.05211758200005],[-159.86688520199996,55.094846595000035],[-159.81007923999996,55.17270159600008],[-159.92832524499997,55.20675757600003],[-160.02755623599998,55.20411256300008],[-160.18977317999997,55.10252954900005],[-160.13463115999997,55.04422056200008],[-160.17361011599996,54.94782756600006],[-160.25703609099997,54.903575559000046]]],[[[-160.52716524599998,55.32051648200007],[-160.47226123699997,55.28940049200003],[-160.30778725699997,55.30320251400008],[-160.33274327899997,55.35944550500005],[-160.52716524599998,55.32051648200007]]],[[[-160.86574021899997,55.32126043400007],[-160.85017217499998,55.217400446000056],[-160.58753616699997,55.14628949000007],[-160.48628418799998,55.176771501000076],[-160.56875922399996,55.27545748000006],[-160.55069527399996,55.38929247200008],[-160.72966826699997,55.40724344500006],[-160.86574021899997,55.32126043400007]]],[[[-161.08364279699998,58.59125908800007],[-160.96372578599997,58.550933110000074],[-160.88389180999997,58.57970511900004],[-160.71152793799996,58.78154512600008],[-160.92349689799997,58.744629098000075],[-161.05408885899996,58.69704208300004],[-161.08364279699998,58.59125908800007]]],[[[-161.90186705099998,55.14323430700006],[-161.71413303599996,55.065816340000026],[-161.64113306799996,55.126599344000056],[-161.82608007499996,55.18154131300008],[-161.90186705099998,55.14323430700006]]],[[[-162.43549191199997,54.92924925400007],[-162.41552989499996,54.88290626100007],[-162.31582288199996,54.82838428100007],[-162.23265891399998,54.88853228600004],[-162.23619994199998,54.95639727900004],[-162.32390394499998,54.98388726400003],[-162.43549191199997,54.92924925400007]]],[[[-162.71897899099997,63.58122934100004],[-162.62250296899998,63.54001736100008],[-162.44466899099996,63.54008839000005],[-162.34227904599996,63.591504402000055],[-162.40835607199998,63.63345538700008],[-162.62427803599996,63.62175435300003],[-162.71897899099997,63.58122934100004]]],[[[-162.85676366699997,54.425047248000055],[-162.58533367699997,54.38714328800006],[-162.58438269499996,54.43016328400006],[-162.79972069899998,54.491780249000044],[-162.85676366699997,54.425047248000055]]],[[[-164.94435551199996,54.57734694900006],[-164.93056949199996,54.52268895700007],[-164.84346046099998,54.42006698000006],[-164.64749346999997,54.38963200900008],[-164.44974350399997,54.42096603300007],[-164.35229453199997,54.46478004100004],[-164.32175356599998,54.544271037000044],[-164.17866960499998,54.603169050000076],[-164.04651962799997,54.62629106500003],[-163.81157365699997,54.63654109600003],[-163.58732266999996,54.61259812900005],[-163.42249170399998,54.65620714700003],[-163.39539674199997,54.74321614100006],[-163.24589573599997,54.69125316700007],[-163.10186176599998,54.72976818300003],[-163.14535777499998,54.76296817400004],[-163.32979675299998,54.75309314900005],[-163.40098178099998,54.83968913100006],[-163.44483383099998,54.97134911100005],[-163.54156984399998,55.025814092000076],[-163.77330783099998,55.05189505700008],[-163.89559381199996,55.035690042000056],[-164.04663876599997,54.965005029000054],[-164.12875775999998,54.96937101700007],[-164.331379708,54.89549399800006],[-164.42692671199998,54.93101498100003],[-164.55206468099996,54.88811196800003],[-164.55658066499998,54.85022597200003],[-164.70441757299997,54.66376897200007],[-164.92795552299998,54.59841894900006],[-164.94435551199996,54.57734694900006]]],[[[-165.21946929499998,54.10069196400008],[-165.10443229699996,54.07239098300005],[-164.95564431399998,54.073088003000066],[-164.91809133299998,54.111979003000044],[-165.12178331699997,54.13050597400007],[-165.21946929499998,54.10069196400008]]],[[[-166.11148120199996,54.12270584400005],[-166.05158619199997,54.07657485700008],[-165.85145920599996,54.055093886000066],[-165.77112421999996,54.06569589500003],[-165.74664325899997,54.16071588800003],[-165.87784225099998,54.17949886800005],[-165.98313425499998,54.220234850000054],[-166.08248422599996,54.17685584100008],[-166.11148120199996,54.12270584400005]]],[[[-166.310419052,53.788352856000074],[-166.24945403199996,53.71548487200005],[-166.13204006599997,53.76854988100007],[-166.13489209399998,53.84377987200003],[-166.310419052,53.788352856000074]]],[[[-167.45939897199997,60.211649960000045],[-167.34352993699997,60.126285987000074],[-167.33663690499998,60.07012299400003],[-167.24204091,60.05648301000008],[-167.10584988899998,59.98843403800004],[-166.90394089999998,59.95923607100008],[-166.61670587399996,59.84773712700007],[-166.41550990499996,59.85269115600005],[-166.27218889999997,59.811454182000034],[-166.12851092199998,59.815636203000054],[-165.98233797499998,59.87163621900004],[-165.61750004499999,59.90859827000003],[-165.70853112899997,60.06849323900008],[-165.66765015099998,60.095758242000045],[-165.68440726899996,60.29190421800007],[-165.88310727399997,60.343367182000065],[-166.07669723499998,60.323162155000034],[-166.19743926099997,60.39163712900006],[-166.37985821199996,60.35315610600003],[-166.48752721599996,60.383710086000065],[-166.83014209699996,60.26880904800004],[-166.85129505399996,60.20326505200006],[-167.10335503699997,60.23454901000008],[-167.29682600899997,60.23295598200008],[-167.45939897199997,60.211649960000045]]],[[[-167.85224669099998,53.31109971200004],[-167.65580469299996,53.24768274400003],[-167.60589171299998,53.285282746000064],[-167.49525172299997,53.27583176200005],[-167.45282574399997,53.32071976200007],[-167.30736576699996,53.33427577900005],[-167.21716679499997,53.382362785000055],[-166.98233884799998,53.44872980700006],[-166.87276885499998,53.43223682300004],[-166.73634089799998,53.506512832000055],[-166.66372989899997,53.48374884400005],[-166.62415592899998,53.55549984100003],[-166.47584397999998,53.645625850000044],[-166.28712601599997,53.68350787000003],[-166.32063904399996,53.76872485600006],[-166.42902105399997,53.82901783500006],[-166.21404010899997,53.90980985400006],[-166.27167712999997,53.981641839000076],[-166.41642409899998,53.944796824000036],[-166.44815407899998,53.902318824000076],[-166.61928404599996,53.86834780600003],[-166.647211063,53.92261879600005],[-166.62570109699996,54.00616378900003],[-166.74608608599996,54.01440377200004],[-166.85720105799996,53.976749762000054],[-167.02631002799998,53.95158174300008],[-167.15822197299997,53.84731973800007],[-167.00848395699998,53.755658768000046],[-167.07004292199997,53.681537769000045],[-167.03997690799997,53.63329577800005],[-167.15857888799997,53.61793176500004],[-167.12375886499999,53.544626778000065],[-167.20100482599997,53.46221077700005],[-167.28704482199998,53.47890476400005],[-167.31996379199998,53.40953876800006],[-167.475762781,53.43021874600004],[-167.60375274699996,53.380909735000046],[-167.69312073899997,53.38835272300008],[-167.85224669099998,53.31109971200004]]],[[[-168.120206009,65.64787924100006],[-168.06971795099997,65.57698725700004],[-167.84668295499998,65.54005629800008],[-167.60543791699996,65.45444434600006],[-167.39881690299998,65.40216138600005],[-167.04629594799997,65.38558444500006],[-166.81455794599998,65.34204048800007],[-166.51864698799997,65.33554453700003],[-166.34721396099997,65.27633957200004],[-166.47608689099997,65.22402555600007],[-166.46409984899998,65.17629256300006],[-166.56998578299996,65.12353155200003],[-166.85867070699996,65.09215750800007],[-166.73134769299998,65.05381953300008],[-166.68932363699997,64.98471254700007],[-166.42031658499997,64.87954960200005],[-166.478478447,64.73534060900005],[-166.39612237699998,64.64226063200005],[-166.19991835299996,64.57887267100006],[-165.66781238999997,64.52827176300008],[-165.00841240599996,64.43451188000006],[-164.83587444099996,64.44560490700007],[-164.46651957399996,64.53639595800007],[-164.30729761899997,64.56148698200008],[-163.96909065899996,64.55339603800007],[-163.88166468799997,64.57230205000008],[-163.57288171899998,64.55987510300008],[-163.25305168099996,64.46950016400007],[-163.14953672899998,64.50868917700006],[-163.33575876099997,64.57208714000006],[-163.21287883999997,64.64170115400003],[-163.03640181099996,64.58428018900008],[-162.85398175899996,64.49937922700008],[-162.80990663799997,64.35610624900005],[-162.63143668699996,64.38543327500008],[-162.54345382699998,64.53149027500007],[-162.23325094499998,64.62019631800007],[-162.18515200199997,64.67618732100004],[-161.91015605899997,64.70250536400005],[-161.83457411799998,64.75693937100004],[-161.69668215299998,64.77696739200007],[-161.51703415299997,64.75364542400007],[-161.21018130999997,64.88504846300003],[-160.88421227899997,64.81172052500006],[-160.78165320199997,64.71550255100004],[-160.80037410599996,64.61210455800006],[-161.01232098299997,64.50168153300007],[-161.21886495499996,64.49666749900007],[-161.38452696799996,64.53302446800006],[-161.46907093499996,64.50657445600007],[-161.47294385499998,64.41806346400006],[-161.26390485499996,64.39013350100004],[-161.00240575999996,64.24997255800008],[-160.95004872499996,64.20298357100006],[-160.95242562499996,64.08881558200005],[-160.76798542799997,63.83534063700006],[-160.76929837199998,63.769228643000076],[-160.90928625999996,63.65307263100004],[-161.10779615499996,63.55258760800007],[-161.13982210999998,63.50188360700008],[-161.31037606499999,63.470155582000075],[-161.58109601599998,63.44685554000006],[-161.70580001499997,63.46342251800007],[-162.00340296799996,63.44782247100005],[-162.10191500599998,63.50881744900005],[-162.27256896599997,63.48495242300004],[-162.66260171199997,63.22717638600005],[-162.82862067199997,63.20270136100004],[-162.84926362999997,63.15322536300005],[-163.04229453499997,63.06204234100005],[-163.32061747999998,63.03651229800005],[-163.53013252999997,63.13404125500006],[-163.68105853499998,63.16485122700004],[-163.73287256499998,63.21105821400005],[-163.88189855199997,63.22005518900005],[-164.05072456299996,63.26170115800005],[-164.32172451099999,63.24218711600008],[-164.58531138299998,63.12466808600004],[-164.51899833599998,63.052538104000064],[-164.71437127299998,63.00516107800007],[-164.81134418699997,62.91055407300007],[-164.87005108499997,62.787885076000066],[-164.86981303199997,62.71742608400007],[-164.77034395099997,62.59154211300006],[-164.97474890199996,62.563519083000074],[-165.20125780299998,62.472429057000056],[-165.63080552099998,62.16684002200003],[-165.76051741199998,62.03884101600005],[-165.75511337499998,61.98530302300003],[-165.61505730099998,61.85283605900008],[-165.87090424399997,61.82241102200004],[-166.09609720699999,61.815012988000035],[-166.00314215399996,61.71883701300004],[-165.82326514499997,61.66947504600006],[-166.17210807299998,61.63585699600003],[-166.14936099199997,61.51186901300008],[-165.91754305199998,61.55277204500004],[-165.81692105099998,61.53069506300005],[-165.77074400799998,61.45696507800005],[-165.92007596199997,61.419602059000056],[-165.84711589999998,61.31138208200008],[-165.59330890899997,61.273170125000036],[-165.64207387299996,61.228408122000076],[-165.59824979999996,61.109415142000046],[-165.39472780699998,61.078653177000035],[-165.30015888699998,61.18109518000006],[-165.02406681199997,61.01041824100008],[-165.18996477299999,60.98415821900005],[-165.15617474099997,60.92884623000003],[-164.95775374999997,60.90247326300005],[-164.86446472399996,60.843934284000056],[-164.99720866999996,60.78685426900006],[-164.96892063499996,60.72584628000004],[-165.29442649599997,60.57427524700006],[-165.377971445,60.51080624100007],[-165.19602745999998,60.496705270000064],[-165.06126250699998,60.54401728600004],[-164.96571549699996,60.508642304000034],[-165.13720143299997,60.44064728500007],[-165.01705439999998,60.363814312000045],[-164.83463538399997,60.30063934600008],[-164.66695239699996,60.286270373000036],[-164.51766836199997,60.19949240500006],[-164.38755930499997,60.08019243800004],[-164.12112028099997,59.988276488000054],[-164.22142124199996,59.94426047700006],[-164.14144219299996,59.84519050000006],[-163.82247619999998,59.79524655300003],[-163.44432725199997,59.80791861000006],[-163.09933532099998,59.85748665700004],[-162.76444441399997,59.949766699000065],[-162.71976144399997,59.991694702000075],[-162.54340245799997,59.98170773000004],[-162.47815949399998,60.03006673500005],[-162.49955055299998,60.12858572200008],[-162.37259159099997,60.16911473700003],[-162.22561253999996,60.060675771000035],[-162.05127443099997,59.85201581800004],[-161.88157135799997,59.70234785900004],[-161.86885532199997,59.638675867000075],[-161.70117225499996,59.49836590700005],[-161.95489515899996,59.37890488000005],[-162.05579008299998,59.26479187600006],[-161.98413002399997,59.15005189800007],[-161.78566693799996,58.96416994600003],[-161.75298585499996,58.81009796600006],[-161.84033377799997,58.68821196500005],[-162.11746773899998,58.66862792500007],[-162.07551771699997,58.62101293600006],[-161.80503774599998,58.624106977000054],[-161.66246573899997,58.58598500200003],[-161.36212180999996,58.66201504000003],[-161.29973087399998,58.76612803900008],[-161.17839589499997,58.783501055000045],[-160.89508097899997,58.884917089000055],[-160.75197200399998,58.90560810800008],[-160.36006413399997,59.07196015200003],[-160.25412609399996,58.98524417600004],[-160.31312307599998,58.96171917000004],[-160.11810603699996,58.86403120800003],[-159.99154203099997,58.83421523000004],[-159.90098600499996,58.77309025000005],[-159.81209405099997,58.84208725700006],[-159.61612711999996,58.93382727800008],[-159.63537906799996,58.846513283000036],[-159.49574206499997,58.820067307000045],[-159.39853104199997,58.764710327000046],[-159.26590598399997,58.64173735800006],[-159.06444087899996,58.42446240800007],[-158.89999787499997,58.39305243600006],[-158.80052889099997,58.40843245000008],[-158.70236694599998,58.49523445700004],[-158.83059500699997,58.62225142600005],[-158.87801206299997,58.72851840900006],[-158.80278707299996,58.73598142000003],[-158.76820414899998,58.865198414000076],[-158.61668318699998,58.91248043300004],[-158.48168124799997,58.99944444600004],[-158.53622912399996,58.79101445600003],[-158.39136311699997,58.75873248100004],[-158.33313206899996,58.666465498000036],[-158.20288304999997,58.61439152200006],[-158.03080307399998,58.63617054700006],[-157.70648914999998,58.72993758800004],[-157.56328717299996,58.753863608000074],[-157.32941023399997,58.83341663700003],[-157.08293627399996,58.87484467100006],[-156.99321224899998,58.82148269000004],[-157.08055917899998,58.70784668600004],[-157.26000811599997,58.61661966600008],[-157.37837205599996,58.523231656000064],[-157.45193904099997,58.50561864600007],[-157.53464597099997,58.38931564400008],[-157.53619090599997,58.271641653000074],[-157.40689386199998,58.17382468100004],[-157.55066384399998,58.15952866100008],[-157.58786181499997,58.108961660000034],[-157.65823964499998,57.798791676000064],[-157.70433659799997,57.71541467600008],[-157.68402751899998,57.56154569200004],[-157.78801250199996,57.54222567800008],[-157.93002645699997,57.473981663000075],[-158.08380538699998,57.35718165000003],[-158.18386836899998,57.33589363700003],[-158.37959730999998,57.24650261600004],[-158.63712318899996,57.04044159600005],[-158.68869915199997,56.97320459400004],[-158.69440411099998,56.89001060100003],[-158.64936307099998,56.80279161500005],[-158.77485805399996,56.785999598000046],[-158.95003006799996,56.84222456800006],[-159.27991398199998,56.715667531000065],[-159.38878496199996,56.69047951700003],[-159.54850591599998,56.62123750000006],[-159.81518185999997,56.547676469000066],[-160.06046777899996,56.41721944500006],[-160.14627176399998,56.40017643400006],[-160.35037469299996,56.28350441600003],[-160.49993757899998,56.063509415000055],[-160.56837554599997,56.00406241100006],[-160.47616951499998,55.91887143200006],[-160.29220550099998,55.853154465000046],[-160.38181046099996,55.78251445800004],[-160.49469748899998,55.86419343500006],[-160.65110147299998,55.85755741300005],[-160.75663147499998,55.881294396000044],[-160.79988940299998,55.728748404000044],[-160.95390543299996,55.82539437300005],[-161.04707647799998,55.94390334900004],[-161.29141247399997,55.983896310000034],[-161.80979038599997,55.891825245000064],[-161.93451634199997,55.819351235000056],[-162.05769031699998,55.78879622100004],[-162.26922525199998,55.685627201000045],[-162.51498614499997,55.49611318600006],[-162.50120010099997,55.38974119800008],[-162.64048007799997,55.36827118100007],[-162.73531304299996,55.30779017400005],[-162.79806203799998,55.310958165000045],[-162.87197997499996,55.17953016800004],[-163.08208895499996,55.18156613900004],[-163.20116693499997,55.16134012500004],[-163.35684688899997,55.08795211100005],[-163.28411688099996,55.051752125000064],[-163.32370380399996,54.87542013700005],[-163.19773381399997,54.86899215500006],[-163.03135786099998,54.944147170000065],[-163.21623287799997,55.02825613600004],[-163.18466090999996,55.097707134000075],[-163.06772292599996,55.10722614900004],[-163.00735191999996,55.08053416000007],[-162.95482488599998,54.98504717700007],[-162.88114387099998,54.933736192000026],[-162.71987889499997,54.95243921300005],[-162.68137391699997,54.99779621300007],[-162.56871393699998,55.01926322700007],[-162.62694597199996,55.11480520900005],[-162.58808498699997,55.14130421200008],[-162.72380000999996,55.22652518400008],[-162.66331104599996,55.29789918500006],[-162.51357303999998,55.25057921100006],[-162.46827599099998,55.12474123000004],[-162.49527096399999,55.067063232000066],[-162.41481695899998,55.035407246000034],[-162.22051297299998,55.02655227400004],[-162.22740600399996,55.10161726600006],[-162.13768201699997,55.11283427700005],[-162.05081000799998,55.07182629300007],[-161.94622403999998,55.12570830200008],[-161.91972607699998,55.207453298000075],[-161.68846418199996,55.40415931100006],[-161.68751322699998,55.50591630100007],[-161.61359527799996,55.607477301000074],[-161.51769129699997,55.63156831200007],[-161.38779930699997,55.62707333100008],[-161.37441928399997,55.57197033800003],[-161.47906823899996,55.49063533100008],[-161.45387418299998,55.35757434800007],[-161.32849820499996,55.38235836300004],[-161.24210120099997,55.35615537800004],[-160.99735425899996,55.44026540400006],[-160.90792330299996,55.52475540800003],[-160.80437228299996,55.45831142900005],[-160.66965029599996,55.46086544800005],[-160.66866333199997,55.54490744000003],[-160.61118035199996,55.57863544500003],[-160.53750031299998,55.474743465000074],[-160.47071232599998,55.49373247300008],[-160.38692938299997,55.60600047400004],[-160.13440142799996,55.66217150500006],[-160.03219249199998,55.78723450800004],[-159.89992450199998,55.78589852700003],[-159.81108953999998,55.85657053300008],[-159.64192254099999,55.828040560000034],[-159.67911949799998,55.739763562000064],[-159.61577845499997,55.63270958100003],[-159.53912646999999,55.651555590000044],[-159.55528849499999,55.71071858300007],[-159.49442352399998,55.765798586000074],[-159.50347454799996,55.820563580000055],[-159.33864358699998,55.87893759800005],[-159.08087962699997,55.92457463100004],[-158.91533563999997,55.92836965500004],[-158.84367568499997,56.015354657000046],[-158.71913168899997,56.00332967600008],[-158.59482471599998,56.04284669000003],[-158.41504670999998,56.004137720000074],[-158.37549977299997,56.13344271400007],[-158.29575780099998,56.18235172100003],[-158.31073182499998,56.236416715000075],[-158.20520185799998,56.29073572500005],[-158.48887286199997,56.34069568000007],[-158.50717387399996,56.37052167400003],[-158.40532892099998,56.453687682000066],[-158.32629993999998,56.48309769100007],[-158.18048393799998,56.45644571400004],[-158.08148996999998,56.50966472400006],[-157.85949696799997,56.47561575900005],[-157.84701900999997,56.56163075400008],[-158.02741801799996,56.602602724000064],[-157.91856104499996,56.64313773600003],[-157.73681907199997,56.67561676000008],[-157.70314704999998,56.62513176900006],[-157.49691705899997,56.61607580000003],[-157.45009407399996,56.64124280500005],[-157.56180309799998,56.706011783000065],[-157.47124716599998,56.83352578600005],[-157.38318718599996,56.86205679600005],[-157.21217615199998,56.77066982900004],[-157.14078016599998,56.79005483800006],[-157.02714322199998,56.89134384600004],[-156.88631826699998,56.964041861000055],[-156.55077330399996,56.999721908000026],[-156.44084635199997,57.08254291700007],[-156.44987837299996,57.127076912000064],[-156.32093740899998,57.18295992700007],[-156.35326147899997,57.32431791100004],[-156.45760348299996,57.34477889300007],[-156.32794853099998,57.42292690600004],[-156.18082556899998,57.48174792400005],[-156.02336255299997,57.43386695100003],[-156.04405161999998,57.56445593800004],[-155.93375760999996,57.53384095700005],[-155.81420463099997,57.56189897200005],[-155.72816466599997,57.62030598100006],[-155.59803469299996,57.658788997000045],[-155.63456371499998,57.70476498800008],[-155.56998876399996,57.790338991000056],[-155.30141074299996,57.72478203700007],[-155.33005079699998,57.82952802400007],[-155.23795379999996,57.82713203800006],[-155.08357683199998,57.87316105800005],[-155.03497189299998,57.98289605700006],[-154.88867992299998,58.02521107600006],[-154.80858191299998,57.99895909000003],[-154.71754994599996,58.05333010000004],[-154.56650493699996,58.02370012500006],[-154.53299196699996,58.07709112600003],[-154.36578398899997,58.10391415000004],[-154.16435104899998,58.19716417300003],[-154.15104111499997,58.31608416700004],[-154.05050217299998,58.41307417500008],[-154.06357521399997,58.48626316700006],[-153.93142522399998,58.495517187000075],[-153.89717628799997,58.60623818400006],[-153.76813929199997,58.60390320400006],[-153.59270131599996,58.633794229000046],[-153.55624734699998,58.685776231000034],[-153.39474438899998,58.74964425100006],[-153.32855047499996,58.89299525100006],[-153.40639051399998,58.96628723300006],[-153.55422752099997,58.987050209000074],[-153.70408456699997,59.07590317900008],[-153.85370454799997,59.054338157000075],[-154.06357555099996,59.07266612300003],[-154.24884658399998,59.14262008900005],[-154.14355463099997,59.215382100000056],[-154.11099268499996,59.30273409800003],[-154.01924770599996,59.33123611100007],[-153.98300174099998,59.38738211200007],[-153.72756778099998,59.43534714800006],[-153.77479483299996,59.52483913400005],[-153.58429485899998,59.55417816200003],[-153.49254991299998,59.63735817000003],[-153.34174190899998,59.621977195000056],[-153.22016892199997,59.63543621400004],[-153.04678197199996,59.70648823600004],[-152.99140203899998,59.810513237000066],[-153.18428006099998,59.85685420300007],[-153.00887208599997,59.88620222900005],[-152.80720108799997,59.87809226100006],[-152.70856411299997,59.91272427400003],[-152.60648017799997,60.01022728400005],[-152.57303022199997,60.078459284000076],[-152.76453728999996,60.19474624500003],[-152.66007732399996,60.24200525800006],[-152.56643131599998,60.22355927500007],[-152.39387637299998,60.303313297000045],[-152.30197244799996,60.414329303000045],[-152.33255448399996,60.47044029500006],[-152.26030053199997,60.54012630100004],[-152.10000557299998,60.59436732300003],[-152.03307862099996,60.663447329000064],[-151.84798767499998,60.73569535400003],[-151.70603067599998,60.73242737700008],[-151.79860774499997,60.837415355000076],[-151.77020477199997,60.87688535700005],[-151.48772287299997,61.01234239300004],[-151.36226587399997,61.00941341300006],[-151.16471590399996,61.046821443000056],[-151.03478799299998,61.17083145600003],[-150.55174008899996,61.29472052600005],[-150.46883505599996,61.24462854300003],[-150.20491706999996,61.25954958500006],[-149.98589705799998,61.237516622000044],[-149.91725407999996,61.26748163100007],[-149.88219616199996,61.38284063000003],[-149.61468824399998,61.49323866600008],[-149.42169221799998,61.45447670100003],[-149.54231418299997,61.40685168400006],[-149.72140615699996,61.37253665700007],[-149.90239904799998,61.22140163700004],[-150.00996403399998,61.20363862100004],[-150.06566899599997,61.15108061500007],[-149.85165395499996,61.08718165400006],[-149.73578490699998,61.01643167700007],[-149.50285888799996,60.98526271700007],[-149.36322184799997,60.92606774400008],[-149.19423186199998,60.94477277000004],[-149.11508481699997,60.87757978700006],[-149.43084183099998,60.90203473400004],[-149.56585285299997,60.93541471000003],[-149.85371587199998,60.967396661000066],[-150.02254581299997,60.884114639000074],[-150.19415082199998,60.90134161000003],[-150.34173190399997,61.02420257800003],[-150.39665391299997,61.03801856800004],[-150.62957985999998,60.967042535000076],[-151.01203874499998,60.80934148400007],[-151.21926271999996,60.77997545200003],[-151.40929267599998,60.72055942600008],[-151.33667658899998,60.58760844600005],[-151.26394656299996,60.54684646100003],[-151.29627145999996,60.39232746600004],[-151.36689644599997,60.37265645600007],[-151.39514536499996,60.24945846000003],[-151.51790929499998,60.14500944800005],[-151.71803220299998,60.009474425000064],[-151.75142714699996,59.92302942600003],[-151.87193104999997,59.772484417000044],[-151.80428301199996,59.70836243200006],[-151.64209497899998,59.649010462000035],[-151.49782297199997,59.63183148600007],[-151.10660207399997,59.78133753800006],[-150.99037708599997,59.79700455500006],[-151.18805396499997,59.608688537000035],[-151.44030491799998,59.54219350100004],[-151.50352688099997,59.48346749500007],[-151.65160187799998,59.484916472000066],[-151.73621585199996,59.44615346100005],[-151.88785483599997,59.424791439000046],[-151.90877079699996,59.36125944000008],[-151.99144076499996,59.31269243000003],[-151.97876972999998,59.253780436000056],[-151.87478270799997,59.21261445500005],[-151.75855771799996,59.22477847300007],[-151.74422167899996,59.15742648000003],[-151.61381068599997,59.16489149900008],[-151.57364271099996,59.20464550300005],[-151.41451574699997,59.25850952400003],[-151.32170172199997,59.21401354200003],[-151.16484171899998,59.20264856700004],[-151.09970873599997,59.229764576000036],[-150.93808674199997,59.23395860100004],[-150.84384681799997,59.35747360800008],[-150.36813092199998,59.51561667200008],[-150.17715593599996,59.53442170100004],[-150.04631300899996,59.64889071500005],[-149.74457906299997,59.73159675800008],[-149.84024513699998,59.850766735000036],[-149.75301614599996,59.864074748000064],[-149.62621411899997,59.818161771000064],[-149.53054818699997,59.92475778000005],[-149.38758423299998,59.99495779800003],[-149.44498325699996,60.03386078600005],[-149.37249131399997,60.122187792000034],[-149.29477022299997,59.97807581400008],[-149.13112726599996,60.044424836000076],[-149.12482921499998,59.96475384200005],[-148.84246519199996,59.92600788900006],[-148.77971821199998,59.95815089700005],[-148.63479918599998,59.91574892300008],[-148.54619721999998,59.96909593400005],[-148.42866520599998,59.948094954000055],[-148.36647229599998,60.08865695600008],[-148.18088425399998,60.02246198900008],[-148.09104130299997,60.09992099900006],[-148.03890435999998,60.188317002000076],[-148.14942539099997,60.23619698200008],[-148.30210940699996,60.26025795600003],[-147.93800952699996,60.44343700400003],[-147.96011356499997,60.50136199700006],[-148.06362359799996,60.550303977000056],[-148.18735560399998,60.55966195700006],[-148.24853755999996,60.49229095100003],[-148.38413457699997,60.51914592700007],[-148.08976767199997,60.66118596600006],[-148.10343472299996,60.73708496000006],[-148.36654574299996,60.766581915000074],[-148.42703578599998,60.82896890200004],[-148.31009681199998,60.86671391800007],[-148.24069487199998,60.955226924000044],[-148.06885290999998,61.01079694900005],[-148.00158896299996,61.08673195500006],[-147.73063409299996,61.27383198900003],[-147.77032702399998,61.17612398800003],[-147.89273197099996,61.09959997200008],[-147.94668491299996,61.015634969000075],[-148.10402884199996,60.91180994900003],[-148.14437776399998,60.79709094900005],[-148.03391375399997,60.782131968000044],[-147.87815978199998,60.82532099100007],[-147.73810182799997,60.89359501000007],[-147.58720281399997,60.87339003500006],[-147.62523187699998,60.96442302400004],[-147.45184485899998,60.940592054000035],[-147.45327082799997,60.89490105600004],[-147.14119685599997,60.939380104000065],[-147.14868388099998,60.97612910100008],[-147.00738393799998,61.06077411900003],[-146.97161284799998,60.93048913200005],[-146.81403090899997,61.02216515300006],[-146.69614193099997,61.05600017000006],[-146.61093397499997,61.12057918000005],[-146.31039597299997,61.124923229000046],[-146.26653594499996,61.084974239000076],[-146.62222394899996,61.08307718100008],[-146.72014786999998,60.96667217100003],[-146.67712779599998,60.86031518400006],[-146.47388975899997,60.81056422000006],[-146.66167769499998,60.71211919500007],[-146.49767867199998,60.68065222300004],[-146.15957969499996,60.72397727600003],[-146.24977862999998,60.62520526600008],[-146.00354263799997,60.64233830500007],[-145.71286059099998,60.58212635500007],[-145.79569155399997,60.52270834500007],[-145.91429453699996,60.49468532700007],[-145.87757250399997,60.44519033600005],[-145.69384650899997,60.45931436500007],[-145.49443247699998,60.41751039900004],[-145.49680945899996,60.39010140000005],[-145.21943739499997,60.30149344900008],[-145.11081739499997,60.305584467000074],[-145.01598346299997,60.41281747700003],[-144.80718148899996,60.461921508000046],[-144.96618939299998,60.30923449000005],[-144.78175036899998,60.28049652100003],[-144.90890833399996,60.22129150300003],[-144.71234732099998,60.209721536000075],[-144.56284729299998,60.17321256100007],[-144.31233227899997,60.16351760200007],[-144.06609621199996,60.07198164600004],[-143.89705115199996,59.98594067700003],[-143.622823176,60.039118718000054],[-143.12892517299997,60.06557779600007],[-142.90888117999998,60.09033083000003],[-142.53755615999995,60.08395589000003],[-141.88110607399994,59.99944899900004],[-141.73626204299995,59.961908023000035],[-141.59539803499996,59.961908046000076],[-141.40099305399997,60.007292075000066],[-141.274785093,60.07921509200003],[-141.28619400499997,59.939737096000044],[-141.447340979,59.88528407200005],[-140.89069485799996,59.74199316600004],[-140.64897482499998,59.71119920600006],[-140.31479679299997,59.69273325900008],[-140.17955681099994,59.73594427900008],[-139.78025484199998,59.82650033900006],[-139.77597686899998,59.870433339000044],[-139.61102693499998,59.992140361000054],[-139.54863588999996,59.92779937300003],[-139.62718887899996,59.90242236100005],[-139.599261814,59.800955369000064],[-139.48386874799996,59.70853239000007],[-139.63170468199996,59.58422037100007],[-139.85702566599997,59.53466833700003],[-139.32129551599996,59.346757428000046],[-138.88660941899997,59.23694749900005],[-138.61027633099997,59.12299354600003],[-138.33837027799996,59.067144590000055],[-138.18530423599998,59.01628161500008],[-137.943228138,58.88062765700005],[-137.93003608199996,58.78431166100006],[-137.68764799399997,58.66499270200006],[-137.67750196799994,58.62083770500004],[-137.16137981499998,58.42431478900005],[-136.89161376899995,58.382098832000054],[-136.85180173099997,58.31967983900006],[-136.72749569499996,58.27402685900006],[-136.68518865599998,58.21085286700003],[-136.45499568699995,58.30304290000004],[-136.28346467799997,58.31520592600003],[-136.07589668599996,58.36489895700004],[-136.07042974299998,58.46697695600005],[-136.20531283799994,58.61467993200006],[-136.47163293399996,58.741449888000034],[-136.55791099299995,58.83099687300006],[-136.74377703599998,58.87721884300004],[-137.015920075,58.90386780000006],[-136.87592709799998,58.96310782000006],[-136.50966200699997,58.86271987900005],[-136.21398891599995,58.75008192800004],[-136.086354939,58.81063194600006],[-136.00126489099995,58.741757961000076],[-135.924494821,58.63033497500004],[-135.97559579199998,58.57101996800003],[-135.93091175799998,58.516941976000055],[-135.99990774399998,58.481789966000065],[-135.8995377,58.41812198300005],[-135.916175679,58.37888998100004],[-135.67445566699996,58.397702018000075],[-135.61883867699999,58.425590026000066],[-135.39732059999994,58.32489106100007],[-135.314370549,58.24580007600008],[-135.062667498,58.19898711500008],[-135.10772053899996,58.265038107000066],[-135.04769355399998,58.30329311500003],[-135.09285263099997,58.43542010600004],[-135.18626173299998,58.60124808900008],[-135.14038873699997,58.616475095000055],[-135.22642880299998,58.717947080000044],[-135.401123967,58.97333904800007],[-135.38215703999998,59.101700049000044],[-135.47028909099998,59.17439903400003],[-135.40017315299997,59.29075704200005],[-135.29202908999997,59.20179206100005],[-135.20622700799998,59.07682607700008],[-135.13745385799996,58.82982309200003],[-135.06575781299995,58.763088104000076],[-134.93574680999996,58.781325124000034],[-134.94536171799996,58.61687312500004],[-134.79706063799995,58.50061615000004],[-134.739583563,58.37662416100005],[-134.645896559,58.385183175000066],[-134.63122348099995,58.247450179000055],[-134.27939441399997,58.19103323400003],[-134.08853739199998,58.18689926300004],[-134.05217232599995,58.07282527000007],[-133.84919322999997,57.93378830200004],[-133.71110114199996,57.79535032500007],[-133.55589611599999,57.77824634800004],[-133.42374707199997,57.72244136900008],[-133.38491903399995,57.65730537500008],[-133.64569809399995,57.71643733600007],[-133.67449905099994,57.628140332000044],[-133.51676898999995,57.54391535700006],[-133.52404695599995,57.47587735700006],[-133.45250588599998,57.35453236900008],[-133.23859384499997,57.321309401000065],[-133.24857683299996,57.29370839900008],[-133.486255853,57.282919364000065],[-133.52467981299998,57.19529035900007],[-133.464389784,57.15010536900007],[-133.29539874399995,57.10714739400004],[-133.07911070799997,57.082938426000055],[-132.87232965899994,57.030849457000045],[-132.95314064999997,56.99358044600007],[-132.789141557,56.84334947100007],[-132.52840648199998,56.74859451000003],[-132.56572242799996,56.62863650500003],[-132.36654638899995,56.59489053400006],[-132.393690339,56.483694531000026],[-132.33564829099998,56.396649540000055],[-132.419430278,56.347915528000044],[-132.529379286,56.338559512000074],[-132.59935324799994,56.24042050300005],[-132.71641124899998,56.214854486000036],[-132.722549217,56.14383548500007],[-132.658417166,56.049684495000065],[-132.49097115299998,56.06322151900008],[-132.44462409799996,55.95332952600006],[-132.27904606599998,55.92493755000004],[-132.12601405699996,55.94494557200005],[-132.15928912099997,56.07443256700003],[-132.01644415399994,56.18265758700005],[-131.97318614499994,56.173099593000074],[-131.96760104999998,55.968663595000066],[-132.04247005499997,55.95988258400007],[-132.04853101999998,55.88263858300007],[-132.186028,55.80330356400003],[-132.228453958,55.69970555800006],[-132.18567190299996,55.58777256500008],[-131.98352483999997,55.49794259300006],[-131.93646487599995,55.591399600000045],[-131.81956889699995,55.66876861700007],[-131.82522991999997,55.71805061600003],[-131.75832398399996,55.87823962500005],[-131.616784995,55.939654645000076],[-131.53739993799996,55.83468365700003],[-131.71138195999998,55.836218632000055],[-131.67953292599998,55.76895763600004],[-131.73324791299996,55.727621629000055],[-131.72326587099997,55.63455663000008],[-131.67727484299996,55.58522063700008],[-131.71831781799995,55.51791663100005],[-131.83081580099997,55.44755861500005],[-131.88019477399996,55.37395260800008],[-131.826418693,55.20287861600008],[-131.76313165399995,55.12769062500007],[-131.62748071399994,55.303867644000036],[-131.35533766199995,55.25919568300003],[-131.20417261399996,55.18985470400003],[-131.06358562799994,55.260143724000045],[-131.027319671,55.37139672900008],[-130.970640673,55.391438737000044],[-130.98313075099998,55.56587173600008],[-130.93987376999996,55.619191742000055],[-130.97267281199998,55.70553173700006],[-131.07392488099998,55.830879723000066],[-131.30863398199995,55.99140268900004],[-131.22874397899994,56.00511170100003],[-131.07772790599995,55.88537172200006],[-130.89459580199997,55.70412474800003],[-130.86476672699996,55.54261375200008],[-130.920313691,55.44608974400006],[-130.87187562799994,55.31399575100005],[-131.09262360199995,55.192715719000034],[-131.07273556999996,55.12358772200008],[-130.99418254399995,55.08510673300003],[-131.01462350999998,54.99958373000004],[-130.94631047999997,54.94756173900004],[-130.93464441699996,54.80073474000005],[-130.71788536399998,54.73670077000003],[-130.56822136799997,54.79215779100008],[-130.34455539399994,54.91881782300004],[-130.18758043499997,55.06284584600007],[-130.10286047899996,55.19260685800003],[-129.97418550099997,55.281923877000054],[-130.021125531,55.33792087100005],[-130.04123458299995,55.45172986800003],[-130.12792265099995,55.581039857000064],[-130.11167569399998,55.68290585900007],[-130.15242473599994,55.76629185400003],[-130.01769778399995,55.911949873000026],[-130.00350382599999,56.00807987600007],[-130.10381689099995,56.12280286200007],[-130.246248897,56.096419841000056],[-130.42602494099998,56.14156581600008],[-130.46788899299997,56.24305781000004],[-130.623327024,56.26688278800003],[-130.78200008999994,56.36684876500004],[-131.08736814699995,56.40600972100003],[-131.17348617799996,56.44952870800006],[-131.47204726299998,56.55267066500005],[-131.58108630499999,56.61223664900007],[-131.83534632899995,56.59920761200004],[-131.90109141099998,56.753679602000034],[-131.87289543299994,56.80599960500007],[-132.12358749599997,56.87365256800007],[-132.04521057099998,57.04506357900004],[-132.369002632,57.09151753100008],[-132.24794067699997,57.21125754800005],[-132.36300375699994,57.34201553000008],[-132.55370485699996,57.49651850100008],[-132.75683298899997,57.705097469000066],[-132.86933807399998,57.84294545100005],[-133.07644117999996,57.999766418000036],[-133.17695727299997,58.150571401000036],[-133.34545235999997,58.27633637400004],[-133.46152443399995,58.38772735500004],[-133.37732344799997,58.430552367000075],[-133.707138585,58.61227831500008],[-133.84052766599996,58.729448293000075],[-134.25809478599996,58.86104022600006],[-134.40716986899997,58.97921420200004],[-134.38189790099995,59.03876720400007],[-134.483415966,59.13160718700004],[-134.56558697399998,59.13112817500007],[-134.67913802199996,59.19227915600004],[-134.70073705799996,59.24901515100004],[-134.959926103,59.28093011100003],[-135.03054614899997,59.34635209800007],[-134.98976616899995,59.38713310400004],[-135.10104120499994,59.427535086000034],[-135.027583226,59.47474209600006],[-135.02892427899997,59.56366309400005],[-135.252786384,59.69828305700008],[-135.47918246799998,59.79804501900003],[-135.95266643099995,59.66216994800004],[-136.19292543999995,59.64003091100005],[-136.35395742999998,59.59983088600006],[-136.23985139499996,59.55941590500004],[-136.30504334299997,59.464521897000054],[-136.47717735999998,59.465827870000055],[-136.46926824999997,59.28408287600007],[-136.58154219,59.16491286100006],[-136.82665420799998,59.15839282300004],[-137.26477315399995,59.00235575900007],[-137.44740411499998,58.90951673300003],[-137.50002116399997,58.98539872300006],[-137.60737732499996,59.24380669900006],[-138.62622372399994,59.768583524000064],[-138.70739981599996,59.90632850700007],[-139.05369289699996,59.99484044900004],[-139.19886796699996,60.08829942300008],[-139.07214910699997,60.319432436000056],[-139.074841129,60.35250843400007],[-139.69300316099998,60.33522733600006],[-139.98111608099998,60.181969295000044],[-140.45822819299997,60.308088214000065],[-140.52044713899994,60.21982220700005],[-141.00200222399997,60.30637212700003],[-141.001996852,61.23504109100003],[-141.00237032599995,61.89349606400003],[-141.00150439199996,62.52166343200008],[-141.00144625899998,63.09241201300006],[-141.001362036,64.00617797300004],[-141.001337939,64.98497992900008],[-141.00248778899999,65.83398588900008],[-141.002623519,66.51427285600005],[-141.002704715,67.54330180500006],[-141.002741196,67.92919278500005],[-141.000829991,68.53810575400007],[-141.00081840499996,68.94592673300008],[-141.00063857099997,69.64628869600006],[-141.199679641,69.68292965700005],[-141.40031759699997,69.64427562300006],[-141.45296368799995,69.70198761000006],[-141.62682679699998,69.76558657500004],[-141.95874690699998,69.82337851100004],[-142.302075065,69.91189344300005],[-142.770661304,70.04688834900003],[-143.27549249999998,70.15351524900007],[-143.764760481,70.12684316100007],[-144.45545336299998,70.03524603900007],[-144.64833126099998,69.96574400800006],[-144.83930629299996,69.98218497100004],[-144.96682126299996,69.96016494900005],[-145.44687540099997,70.03897885600003],[-145.76370254799997,70.12646479200004],[-146.09300758199996,70.14350673000007],[-146.25597063399997,70.17422369800005],[-146.54519365599998,70.18516164300007],[-147.17516361599996,70.15561252900005],[-147.34415366599998,70.18592749600003],[-147.67179569499996,70.20344343400006],[-147.81755281199997,70.27580740200005],[-148.13117089199997,70.32516134100007],[-148.35447185399997,70.30270230100007],[-148.58959601199996,70.40022425000006],[-148.95947604799997,70.42394518000003],[-149.15658314299998,70.48305514000003],[-149.87818516199997,70.50273700500003],[-150.10952903499998,70.42934096700003],[-150.36091299499998,70.40915192200004],[-150.51897011299997,70.48313288700007],[-150.95070105999997,70.45956180900004],[-151.14644391899998,70.37764777900003],[-151.60148400199998,70.43896269000004],[-151.87615497599998,70.43076164000007],[-151.79924610099997,70.50419064900007],[-151.95183619099998,70.56228961600004],[-152.22379913999998,70.53969656800007],[-152.51531312399996,70.53874651400008],[-152.42214324599996,70.60878452600008],[-152.47942437999998,70.69049150900008],[-152.38185642599998,70.71476252500008],[-152.22807762399998,70.82646754500007],[-152.58840070099998,70.88177547400005],[-152.86814963299997,70.85100242400006],[-152.92519269699997,70.89018041100007],[-153.21587473199997,70.92054235500007],[-153.40578066899997,70.89099732200003],[-153.94365060899997,70.87644222300008],[-154.00009950499998,70.81819121800004],[-154.18189640799997,70.76832518800006],[-154.25495148399997,70.81618017100004],[-154.58413748699996,70.83202810900008],[-154.61669967599997,70.94393409400004],[-154.57724477499997,70.99872109600005],[-154.75817888499998,71.07007705700005],[-155.07221300599997,71.15292599200006],[-155.26530883299998,71.06387096400005],[-155.25793974899997,71.01564396900005],[-155.51190060199997,70.94294592900008],[-155.48944045499996,70.85626694000007],[-155.60804238999998,70.82408792100006],[-155.87685737399997,70.82920087100007],[-156.01376158499997,70.95950783500007],[-155.72771365199998,70.98318188500008],[-155.51857183099997,71.07503791600004],[-155.56751797999996,71.16246590000003],[-155.79735501599998,71.19444185500004],[-155.95861998499998,71.18489982600005],[-156.07936206899998,71.23894379900008],[-156.40736008899998,71.26758873600005],[-156.56868422499997,71.35256069900004],[-156.80968708299997,71.28688566000005],[-157.24462862299998,71.05190660100004],[-157.50249241699998,70.94865856200005],[-157.76848526299997,70.87584152000005],[-158.03034415799996,70.83123447600008],[-158.66775100599997,70.78555236400007],[-158.96865397999997,70.79200430800006],[-159.13782290299997,70.75860828100008],[-159.34567291399998,70.78124924100007],[-159.31560703399998,70.85040924000003],[-159.64895289799998,70.79505318400004],[-160.20773744199997,70.56449610400006],[-160.54000220599997,70.44708005500007],[-160.81120605499999,70.37618901300004],[-161.29345785699996,70.29464693400007],[-161.87929782399996,70.32926782600003],[-162.34245653499997,70.19015775700007],[-162.69576715199997,69.97669271400008],[-163.02470183599996,69.80039467300003],[-163.14664656599996,69.62999766800004],[-163.14414931399997,69.45485168600004],[-163.26691106299998,69.29090768100008],[-163.55783079099996,69.12871864600004],[-163.89355256899998,69.00656959900004],[-164.21323141999997,68.93475555100008],[-165.14921417299996,68.86960439500007],[-165.56683507399998,68.85101532500005],[-166.22746198599998,68.87579620800005],[-166.19041387099998,68.78271122500007],[-166.23751557399999,68.56006424000003],[-166.37170437899997,68.42598823100008],[-166.80792020499996,68.35181316500007],[-166.386930225,68.30513724100007],[-166.13552319199997,68.24216729100004],[-165.98168609799998,68.14342832700004],[-165.33609506399998,68.02413645000007],[-164.53483183599997,67.72440261800006],[-164.18513278299997,67.63248768700004],[-164.03342571899998,67.55753972100007],[-163.86440556799997,67.40597076500006],[-163.75893340299996,67.24845179900007],[-163.74797126999997,67.12929981300005],[-163.64146124899997,67.09664383400008],[-163.02590126699997,67.03298994600004],[-162.75923432099998,67.04753099000004],[-162.50174327799996,66.97716304100004],[-162.23317433599996,66.99622908500004],[-161.86611844499998,67.04965714300005],[-161.58798340699997,66.98373919700003],[-161.79440426699998,66.88193217200006],[-161.88514207399996,66.71808017200004],[-161.48363091699997,66.52562525900004],[-161.32637588599997,66.47837029100003],[-161.57885181299997,66.43964825100005],[-161.92738989099996,66.55416318100004],[-162.06909497099997,66.64569914800006],[-162.01098012599996,66.78005814400007],[-162.11733113199998,66.79848112400003],[-162.30767726199997,66.93902007800006],[-162.60107917699997,66.89845403200007],[-162.61175111699998,66.84543803500003],[-162.48238000799998,66.73026106900005],[-162.24959201899998,66.71171711000005],[-162.09295692499998,66.60577814700008],[-161.89139985999998,66.52169619000006],[-161.87052278199997,66.44633320100007],[-161.91218067599996,66.35096720300004],[-161.69443575299996,66.39721023600003],[-161.51662977399997,66.39654226600004],[-161.14103875899997,66.33796333600003],[-160.99021866799998,66.23427937200006],[-161.01279762199997,66.19339437200006],[-161.31638261399996,66.22070131700008],[-161.34958964599997,66.25491230800003],[-161.55365860699996,66.24223927500003],[-161.68960645299998,66.11062426400008],[-161.82233436899998,66.04555224800004],[-161.92481834599997,66.03534623100006],[-162.13478536299996,66.07872319200004],[-162.37221227999999,66.02773615600006],[-162.46779829499997,66.05488413800003],[-162.62687425599998,66.03700811200008],[-162.76715829499997,66.09379008300004],[-162.94862026799998,66.09106205300003],[-163.10315421599998,66.06132303000004],[-163.48990518499997,66.08352696200006],[-163.63557413699996,66.05739894000004],[-163.76121913899996,66.07697591700008],[-163.92842325899997,66.21732787500008],[-163.82687533399996,66.27581488600003],[-163.87832037199996,66.31883287300008],[-163.85101147599997,66.41502286800005],[-163.72594059699998,66.51161587900003],[-163.77938967199998,66.58927086200003],[-164.40104156999996,66.58143175800006],[-165.15174333499996,66.46910564300003],[-165.61688615999998,66.37344757500006],[-166.45403079999997,66.15741045900006],[-166.78199664799996,66.06117941500008],[-167.37384235199997,65.86622633900004],[-167.54934527399996,65.81708131600004],[-167.98429910699997,65.72427125500008],[-168.120206009,65.64787924100006]]],[[[-169.11587135699997,52.82213161100003],[-168.71633145399997,52.94970064600005],[-168.58810349699996,53.02774965200007],[-168.45892452299998,53.05440066500006],[-168.36385257599997,53.16914166300006],[-168.27044461299997,53.24163766700008],[-168.11927964499998,53.275760682000055],[-167.84095671899996,53.38619070400006],[-167.87649076299996,53.52008068400005],[-167.96264876399997,53.55348766900005],[-168.21744172399997,53.53336163800003],[-168.40734765999997,53.42232262700003],[-168.34471961099996,53.26335865500005],[-168.51240258599998,53.25365463400004],[-168.58762758299997,53.27114162300006],[-168.768977526,53.17786761100007],[-168.80510449699997,53.10715461500007],[-168.80047046999996,53.02896462500007],[-168.85454243699996,52.95378162800006],[-168.96732139699998,52.87961662300006],[-169.11587135699997,52.82213161100003]]],[[[-169.78688075099998,56.614246054000034],[-169.57629674499998,56.53175909300006],[-169.50344778899998,56.607117094000046],[-169.78688075099998,56.614246054000034]]],[[[-170.01097223999997,52.831574499000055],[-169.92303123699998,52.78890451500007],[-169.87216725599998,52.82453751700007],[-169.67394328199998,52.820659542000044],[-169.74595929599997,52.89069552400008],[-170.01097223999997,52.831574499000055]]],[[[-170.18376617899997,52.724390491000065],[-170.08560419099996,52.71920850400005],[-170.05209121299998,52.76913650100005],[-170.17116920099997,52.78250848500005],[-170.18376617899997,52.724390491000065]]],[[[-170.42148590499997,57.16176489900005],[-170.28695991699996,57.14249092000006],[-170.17441794299998,57.16086293300003],[-170.13211097999996,57.226022931000045],[-170.40045192799997,57.203564897000035],[-170.42148590499997,57.16176489900005]]],[[[-170.84237603299997,52.56156743100007],[-170.69953106599996,52.59955144300005],[-170.60849907899998,52.60171645400004],[-170.56001310799996,52.66792545200008],[-170.62870210799997,52.69703143900006],[-170.72615108899998,52.682192429000054],[-170.81979605999996,52.635194424000076],[-170.84237603299997,52.56156743100007]]],[[[-171.84694445599996,63.48683890600006],[-171.82341442299997,63.43692791500007],[-171.70148439199997,63.36509494300003],[-171.44003639899998,63.30749799000006],[-171.23943550199996,63.39278501000007],[-171.07329755699996,63.42406403200005],[-170.86794158899997,63.41459906500006],[-170.57131760299998,63.36136511700005],[-170.35502858099997,63.280153160000054],[-170.27778253599996,63.20149918100003],[-170.03677555399997,63.167831223000064],[-169.82785552199996,63.07660426600006],[-169.74490546799998,62.98498228900007],[-169.64317845099998,62.937658311000064],[-169.53099350499997,62.98336332300005],[-169.54691756599996,63.06820931000004],[-169.37887865599998,63.14926532700008],[-169.16639271499997,63.17791435600003],[-168.86026174399998,63.14690340800007],[-168.72437883099997,63.22965441900004],[-168.69745088999997,63.30077141500004],[-169.01641686699998,63.34185736100005],[-169.48749779899998,63.361045285000046],[-169.64935782399996,63.42948725200006],[-169.86231879599998,63.442667217000064],[-170.02964579599998,63.48206418600006],[-170.07670586899997,63.586823167000034],[-170.28942990899998,63.68751012200005],[-170.47553288299997,63.697412092000036],[-170.64927682599998,63.66685306800008],[-170.90359370399997,63.572757040000056],[-171.04168568499998,63.58100701800004],[-171.39368965899996,63.63520595700004],[-171.61283065299997,63.68192591800005],[-171.72287567299998,63.734774894000054],[-171.82911853099998,63.57963189700007],[-171.84694445599996,63.48683890600006]]],[[[-172.63222267499998,52.27113025300008],[-172.47844369599997,52.26458527200003],[-172.31622773699996,52.31699428400003],[-172.30553175099996,52.354318281000076],[-172.43554274299998,52.39146626000007],[-172.57173370899997,52.34887424900006],[-172.63222267499998,52.27113025300008]]],[[[-173.06382020999996,60.502587101000074],[-172.950209219,60.48210112000004],[-172.72916718899998,60.36137716700006],[-172.598443187,60.316799192000076],[-172.36409123999996,60.33339122400008],[-172.37597526199997,60.37430421700003],[-172.61056523199997,60.397324180000055],[-172.880569244,60.50235312700005],[-172.93143226999996,60.56198411200006],[-173.04076524999996,60.56186709700006],[-173.06382020999996,60.502587101000074]]],[[[-174.05378540799998,52.130629104000036],[-173.935896403,52.05557212800005],[-173.83607041499997,52.04080914200006],[-173.65686044899996,52.05893316000004],[-173.54800245499996,52.025016178000044],[-173.47764947299999,52.045340183000064],[-173.15107752799997,52.05995622000006],[-173.18696753799998,52.10976020900006],[-173.49547548799998,52.10377517300003],[-173.62762548199998,52.15178015100008],[-173.87172243099997,52.110344128000065],[-173.88622043699996,52.13865312200005],[-174.05378540799998,52.130629104000036]]],[[[-175.34200916299997,52.023553969000034],[-175.21651417899997,52.006438986000035],[-175.025182211,52.00643900800003],[-174.96766322999997,52.03810401000004],[-174.78750225799996,52.031890032000035],[-174.73580725899998,52.00761004200007],[-174.562657297,52.03846905700004],[-174.49123431899997,52.07383706100006],[-174.41363232399996,52.04797207300004],[-174.32996935999998,52.12172807300004],[-174.22004237199997,52.10100108800003],[-174.14089440299998,52.16184108900006],[-174.17678441999996,52.23468207500008],[-174.05996443599997,52.22529209000004],[-173.99507846699998,52.28952508800006],[-174.01040848699998,52.36092307600006],[-174.188668475,52.41611704800005],[-174.33222743899998,52.37383903700004],[-174.35433140499998,52.279492047000076],[-174.22847941799998,52.253019066000036],[-174.34066438199997,52.19725706100007],[-174.45558236399998,52.20111704700008],[-174.63015830899997,52.114139039000065],[-174.74757228399997,52.09574502800007],[-174.92630725399997,52.09530700700003],[-175.34200916299997,52.023553969000034]]],[[[-176.11625098999997,51.88795490000007],[-175.96354100399998,51.84620092400007],[-175.98980501899996,51.91185991100008],[-176.11625098999997,51.88795490000007]]],[[[-176.212511026,52.06163686300005],[-176.08570902599996,51.98821988900005],[-176.01250305699998,52.050748888000044],[-176.05326506699998,52.10530787500005],[-176.14358405399997,52.11443086300005],[-176.212511026,52.06163686300005]]],[[[-176.23497195199997,51.82901789500005],[-176.17139194699996,51.774121910000076],[-176.04720498199998,51.81836691800004],[-176.17151097899998,51.88017889500003],[-176.23497195199997,51.82901789500005]]],[[[-176.99198076199997,51.62924883900007],[-176.86803179399996,51.665749848000075],[-176.80837378799998,51.609326863000035],[-176.68584982899998,51.675846867000075],[-176.58661885099997,51.691761876000044],[-176.40253591099997,51.786914882000076],[-176.31863491,51.73498490000003],[-176.26527593299997,51.77985689900004],[-176.29177695599998,51.873209882000026],[-176.45411191799997,51.83937186900005],[-176.62916289099996,51.85427584700005],[-176.54443092799997,51.928058845000066],[-176.59006494199997,52.00128082900005],[-176.80944288099997,51.92629981500005],[-176.76285787599997,51.882306827000036],[-176.84770983899998,51.80609682900007],[-176.90071179699999,51.69662384000003],[-176.99198076199997,51.62924883900007]]],[[[-177.70527665699998,51.707238748000066],[-177.50576568999998,51.69847377100007],[-177.36454372599997,51.73296078200008],[-177.27755372499996,51.67861080000006],[-177.12282376799996,51.72935381000008],[-177.12039279999996,51.83968579300006],[-177.05478383299996,51.908942790000026],[-177.19752181399997,51.931337771000074],[-177.20569077999997,51.82063778600008],[-177.28789275399998,51.78198878300003],[-177.44333471899998,51.75955976900008],[-177.51560669599996,51.724976766000054],[-177.63999867699997,51.73605975100003],[-177.70527665699998,51.707238748000066]]],[[[-178.22696461099997,51.877721663000045],[-178.03729661799997,51.780334699000036],[-177.95958261499996,51.72124671700004],[-178.08016658699998,51.70282470700005],[-178.08459457399996,51.65988971300004],[-177.92796359899998,51.64706073200006],[-177.78599066699996,51.79417172500007],[-177.97701566899997,51.91721568500003],[-178.12666464199998,51.91878666800005],[-178.22696461099997,51.877721663000045]]],[[[-178.87060146499996,51.78537060600007],[-178.81320146399997,51.74639061900007],[-178.73369848899998,51.781914622000045],[-178.79513849299997,51.834525607000046],[-178.87060146499996,51.78537060600007]]]]},"properties":{"shapeName":"Alaska","shapeISO":"US-AK","shapeID":"66186276B62688952876525","shapeGroup":"USA","shapeType":"ADM1"}},
{"type":"Feature","geometry":{"type":"Polygon","coordinates":[[[-117.02620989899998,41.999895740000056],[-117.65824300699995,41.99813805300005],[-118.69642219099995,41.99179959400004],[-119.20829327899997,41.99318254900004],[-119.99924741099994,41.99494948000006],[-119.99987928599995,41.18397941500007],[-119.99593918599999,40.49990635900008],[-119.997647111,39.95651031300008],[-120.00575901599996,39.22521524900003],[-120.00102698599994,38.99957923000005],[-119.33343581999998,38.53833323900005],[-118.62160264199997,38.034394244000055],[-118.25095954899996,37.76862124400003],[-117.71237041299997,37.374936243000036],[-116.88937358299995,36.76318428500008],[-116.250881043,36.276984224000046],[-115.66901689499997,35.82652021000007],[-115.27135379299995,35.512665198000036],[-114.63349863099995,35.00186217500004],[-114.57275863099994,35.13873019500005],[-114.59594265199996,35.325239217000046],[-114.67765468199997,35.489747231000024],[-114.65341768899998,35.61079424700006],[-114.68941869899999,35.651417250000065],[-114.70028272499997,35.901777279000044],[-114.74060673899999,35.97566128500006],[-114.72210774099995,36.028957293000076],[-114.75480975199997,36.084709297000074],[-114.63172773499997,36.14231131200006],[-114.51429171399997,36.15080032000003],[-114.44374769799998,36.12559832200003],[-114.37211768699996,36.14311932800007],[-114.23881064899996,36.014566321000075],[-114.13841763299996,36.038022331000036],[-114.04395562999997,36.19335535500005],[-114.04283065399994,36.43828238400005],[-114.05061171199998,37.00040145000003],[-114.05297377499994,37.59278851900007],[-114.04848479699996,37.809866544000045],[-114.05049687599995,38.49996062200006],[-114.04911593599996,39.005514678000054],[-114.04779503399999,39.79416576400007],[-114.04619011299997,40.39831882900006],[-114.04318816299997,40.77168086800003],[-114.04024326399997,41.491695943000025],[-114.04148933899995,41.99387899300007],[-114.59827944699998,41.99451694600003],[-114.831089492,42.00221292700007],[-115.03179552999995,41.996013910000045],[-115.569987815,41.99684158600007],[-116.36849077899996,41.99628679600005],[-117.02620989899998,41.999895740000056]]]},"properties":{"shapeName":"Nevada","shapeISO":"US-NV","shapeID":"66186276B98615608994420","shapeGroup":"USA","shapeType":"ADM1"}},
{"type":"Feature","geometry":{"type":"Polygon","coordinates":[[[-89.13269075899996,36.982206889000054],[-89.18251477699994,37.03728189700007],[-89.15450977299997,37.08891390800005],[-89.02998674699995,37.21115093700007],[-88.91693971599994,37.224297945000046],[-88.73211065799995,37.14396293900006],[-88.625894626,37.11946493900007],[-88.53158159599997,37.06719893400003],[-88.45895357599994,37.07380293800003],[-88.42440857199995,37.15243495500005],[-88.51594460699994,37.28404997600006],[-88.47659760399995,37.386881997000046],[-88.40881358799999,37.425223008000046],[-88.36547657399996,37.40167000500003],[-88.28167255399995,37.45260301900004],[-88.08177049799997,37.47302803200006],[-88.07224749999995,37.52883304300008],[-88.13339852099995,37.57424204900008],[-88.16019253499996,37.65759906400007],[-88.05959351199994,37.74261508500007],[-88.02803550799996,37.799231097000074],[-88.01336051099997,37.89486111600007],[-88.03413752699998,38.032052141000065],[-87.96723151099997,38.06711215000007],[-87.94049651199998,38.17490917200007],[-87.98397852699998,38.20911417600007],[-87.93356151899997,38.29590319500005],[-87.85965649699995,38.27671819500006],[-87.74525947399997,38.40900322500005],[-87.71405247099995,38.47988724000004],[-87.62290245299994,38.586205265000046],[-87.59725245199996,38.66532128100005],[-87.51904343199999,38.69953329100008],[-87.49591043299995,38.78544130800003],[-87.53492445099994,38.87888132300003],[-87.51219245099998,38.95442433900007],[-87.57653647199999,38.98671834100003],[-87.57259347699994,39.05729335500007],[-87.65875050799997,39.136004365000076],[-87.57456349099994,39.218411384000035],[-87.60495250299994,39.26021939000003],[-87.58908950499995,39.33383840500005],[-87.53165148899996,39.34806941000005],[-87.53326153499995,39.871989505000045],[-87.52632758799996,40.49399961700004],[-87.52670164899996,41.14922973300003],[-87.52417070199994,41.708321830000045],[-87.60945574099998,41.84524084900005],[-87.68236478499995,42.07573688400004],[-87.80177983399994,42.21055890100007],[-87.83477485299994,42.30152991400007],[-87.80326585299997,42.39048593100006],[-87.80209686299997,42.49258394800006],[-88.11529095599997,42.49622693100008],[-88.78668715299995,42.49199089100006],[-89.25076528899996,42.49800186500005],[-90.07367652899995,42.508282818000055],[-90.64284969299996,42.508488784000065],[-90.65403369299997,42.47851077800004],[-90.47728563199996,42.38380177300007],[-90.41903360899994,42.32851276800005],[-90.39111458999997,42.22548075200007],[-90.17097651599994,42.12520574900003],[-90.14117349499998,42.00893873200005],[-90.18096048499996,41.80936169600005],[-90.31522651599994,41.73427167600005],[-90.34323450799997,41.58784064900004],[-90.46143853599995,41.52354063200005],[-90.59524357199996,41.511039622000055],[-90.65584558499995,41.462139610000065],[-90.85756064099996,41.45275859700007],[-90.93002265799998,41.42141158700008],[-91.04589669099994,41.414092579000055],[-91.11365469199995,41.24140854600006],[-90.94663362999995,41.09663953200004],[-90.96535061699996,40.92164050100007],[-91.09299964299998,40.82108647700005],[-91.12082663599995,40.67278445000005],[-91.18698665099998,40.63730444000004],[-91.34873969399996,40.60970242600007],[-91.40148870399997,40.559465415000034],[-91.36906568999996,40.512539408000066],[-91.37575267999995,40.391886387000056],[-91.41942869099995,40.378271383000026],[-91.46214669999995,40.342421374000025],[-91.50583470199996,40.23884635400003],[-91.49488467899994,40.03646032000006],[-91.41936664799994,39.92772430500003],[-91.43292564299998,39.84056128900005],[-91.36157761799996,39.787555284000064],[-91.36775961499995,39.729036274000066],[-91.14828153599996,39.54580525400007],[-91.10031352199996,39.53870225500003],[-91.05944550399994,39.46886724500007],[-90.84750643399997,39.34527923500008],[-90.72698739199996,39.25118022500004],[-90.68275036499995,39.088355199000034],[-90.71359136999996,39.05557419100006],[-90.66337834499996,38.928049171000055],[-90.54587830799994,38.87401516800003],[-90.45079828899998,38.967771189000075],[-90.25025422799996,38.91935119100003],[-90.11333318399994,38.849313186000074],[-90.12311318199994,38.79805517600005],[-90.20521619999994,38.73215716000004],[-90.17801618399994,38.63375714400007],[-90.26032019799999,38.52835912000006],[-90.29532219899994,38.426760100000024],[-90.34974920999997,38.377616088000025],[-90.37393520899997,38.28186007000005],[-90.35390819799994,38.213862058000075],[-90.24312215899994,38.11267604500006],[-90.13079412299999,38.06234804200005],[-90.00835908099998,37.970186031000026],[-89.90183804299994,37.869829018000075],[-89.84265502999995,37.90520302700003],[-89.79609301299996,37.85951202100006],[-89.669649973,37.79992901700007],[-89.66799896899994,37.759491009000044],[-89.51201491899997,37.68553200300005],[-89.51705690899996,37.537284975000034],[-89.43977487999996,37.437206960000026],[-89.43604587199997,37.344447943000034],[-89.51703788999998,37.28192692700003],[-89.37571783499999,37.080511896000075],[-89.37828283199997,37.039611888000024],[-89.29213580499999,36.99219588300008],[-89.26000879799994,37.023294891000035],[-89.13269075899996,36.982206889000054]]]},"properties":{"shapeName":"Illinois","shapeISO":"US-IL","shapeID":"66186276B11383391196245","shapeGroup":"USA","shapeType":"ADM1"}},
{"type":"Feature","geometry":{"type":"Polygon","coordinates":[[[-72.45852007199994,42.72686169600007],[-72.55724811299996,42.85302771600004],[-72.53218711099998,42.95495373600005],[-72.44463608599995,43.010574750000046],[-72.45198709599998,43.13893277300008],[-72.41035409499995,43.33168381000007],[-72.37312709899999,43.57942785700004],[-72.27118107599995,43.734146889000044],[-72.18333405099997,43.80818590500007],[-72.18791705599995,43.85613491400005],[-72.09869003299997,43.95766893500007],[-72.11698604199995,43.99448894100004],[-72.03192601899997,44.08214896000004],[-72.06616703799995,44.18978197800004],[-72.06777504399997,44.27098499300007],[-71.98112101999999,44.33750900800004],[-71.87247298299997,44.33663701100005],[-71.79392496099996,44.39928002500005],[-71.70804193399994,44.411986031000026],[-71.59948090199998,44.48646404800007],[-71.54577789099994,44.59090006800005],[-71.62492292699994,44.72904109000007],[-71.55680591199996,44.84881711400004],[-71.50108889699999,44.90444212500006],[-71.53629891499997,44.994168140000056],[-71.50108890499996,45.01335814500004],[-72.31007417599994,45.003831115000025],[-72.84563435599995,45.016668097000036],[-73.34312552199998,45.010849078000035],[-73.33898051399996,44.91769006200008],[-73.37945352099996,44.838019046000056],[-73.33315550199995,44.78876803900005],[-73.36556250899997,44.74179503000005],[-73.39023250899999,44.61836200700003],[-73.30670847199997,44.500342989000046],[-73.29603246299996,44.428347977000044],[-73.33357647199995,44.37229696500003],[-73.31102645699997,44.274248949000025],[-73.39058447799994,44.19089493100006],[-73.43774148299997,44.04501490300004],[-73.37405244999997,43.87557187500005],[-73.39249345199994,43.82078786400007],[-73.35059443499995,43.77194785700004],[-73.40474044699994,43.69022184000005],[-73.36556342899996,43.62344882900004],[-73.30207740899993,43.62437283200006],[-73.24769938399999,43.523181815000044],[-73.27867434799998,42.83341868700006],[-73.26495833699994,42.745948671000065],[-72.45852007199994,42.72686169600007]]]},"properties":{"shapeName":"Vermont","shapeISO":"US-VT","shapeID":"66186276B17406925856308","shapeGroup":"USA","shapeType":"ADM1"}},
{"type":"Feature","geometry":{"type":"Polygon","coordinates":[[[-111.05244613599996,44.47841750200007],[-111.05456822899998,45.00096155400007],[-110.70448815299994,44.99218058500003],[-110.18323304099994,44.996959633000074],[-109.10323980499999,45.005821731000026],[-109.08286079899995,44.99955773200003],[-108.24981961199995,44.99990080600003],[-107.08489734499994,44.99660690800005],[-106.56675110099997,44.99485223200003],[-105.92818507399994,44.99349400700004],[-105.913160071,45.00024501000007],[-105.37131864799994,45.00025143000005],[-104.50677573399997,44.998500129000035],[-104.05788962399998,44.99761216600007],[-104.03970461999995,44.998077168000066],[-104.04082669799999,45.46271522300003],[-104.04545378399996,45.94531727900005],[-104.04558292399997,46.71388836600005],[-104.04552801899996,47.215673422000066],[-104.04167314499995,47.86228949200006],[-104.04822329999996,48.59906256900007],[-104.04874738599995,48.99988461100003],[-104.87553859599996,48.99899853200003],[-105.65028178899996,48.99945145800007],[-106.47962099399996,48.999379377000025],[-107.44102922699994,48.999370283000076],[-108.67610559099995,48.99934295300005],[-109.25073465399998,49.00001810200007],[-110.17160786499994,48.999269008000056],[-111.00392905199999,48.99754392300008],[-111.50082516199996,48.99696987100003],[-112.36561340099996,48.99884745800006],[-113.11636951199995,48.998468702000025],[-113.69299563299995,48.99763864100004],[-114.37599077599998,49.001396569000065],[-115.20792594499994,48.99923447900005],[-116.04910011299995,49.000852388000055],[-116.049168985,48.48125335200007],[-116.04912186499996,47.97684831600003],[-115.91878581099996,47.85366232100006],[-115.845095787,47.81490932600008],[-115.82500676899997,47.75237932400006],[-115.72280273599995,47.69473133000008],[-115.68856370599997,47.59433932600007],[-115.754350709,47.55260631600004],[-115.68627768099998,47.48494631800003],[-115.74794668299995,47.441681309000046],[-115.549087623,47.34721132200008],[-115.52852460799994,47.29932032100004],[-115.32353055899995,47.25632733800006],[-115.24527851999994,47.15175733800004],[-115.14435448899997,47.101983345000065],[-115.05021444399995,46.98123634500007],[-115.00128743299996,46.97190734900005],[-114.93673740399998,46.89733535000005],[-114.92074438599997,46.82708934600004],[-114.62153930099998,46.70788536600003],[-114.61416328499996,46.639065361000064],[-114.46710825399998,46.63177037500003],[-114.36100223999995,46.66891638900006],[-114.32113122799996,46.64752039100006],[-114.37235319499996,46.44281636900007],[-114.42222519399996,46.38733736000006],[-114.45186516999996,46.240679345000046],[-114.44596115499996,46.17390734000003],[-114.52052615999997,46.12491632800004],[-114.47411312399998,45.99225332200007],[-114.38857008499997,45.88219532100004],[-114.50931610099997,45.84553730600004],[-114.56647809799995,45.77331629400004],[-114.504188076,45.721665296000026],[-114.49958906499995,45.66961029200007],[-114.56351006999995,45.632304282000064],[-114.55833805999998,45.58428427900003],[-114.43058702399998,45.529516287000035],[-114.34419699299997,45.45968928900004],[-114.24707698599997,45.52516230400005],[-114.13619496999996,45.55702531700007],[-114.01533996699999,45.663427338000076],[-113.91949294699998,45.65786634700004],[-113.80741791299994,45.60278935300005],[-113.83447190299995,45.52109834300006],[-113.77268188899995,45.51426134800005],[-113.77416586899994,45.40655333900003],[-113.69249782499998,45.26344633400004],[-113.59192378999995,45.18419333600008],[-113.57664477699996,45.13152433300007],[-113.45205673799995,45.05918033800003],[-113.44440071799994,44.95875132900005],[-113.49838572599998,44.94169132300004],[-113.45508370299996,44.86543032000003],[-113.35607467499995,44.819804325000064],[-113.24761565299997,44.82286733500007],[-113.10160960599995,44.729394340000056],[-113.06777358999994,44.67879233900004],[-113.005071537,44.45372632300007],[-112.85509848999999,44.35997632800007],[-112.839439498,44.425125336000065],[-112.71912248799998,44.50435035400005],[-112.38735140999995,44.44760337900004],[-112.35422241899994,44.53564439000007],[-112.28605340999997,44.568611400000066],[-112.10157636399998,44.520853412000065],[-112.032719354,44.54664842100004],[-111.87037732299996,44.563537437000036],[-111.82154230299994,44.50894743600003],[-111.70416428799996,44.559654452000075],[-111.58651926299996,44.562663463000035],[-111.52521025799996,44.60520647200008],[-111.466158265,44.71346648800005],[-111.33736724099998,44.73317650200005],[-111.22405819799997,44.62489450100003],[-111.13067115599995,44.500137497000026],[-111.05244613599996,44.47841750200007]]]},"properties":{"shapeName":"Montana","shapeISO":"US-MT","shapeID":"66186276B80192890672447","shapeGroup":"USA","shapeType":"ADM1"}},
{"type":"Feature","geometry":{"type":"Polygon","coordinates":[[[-95.76565290299999,40.58521515600006],[-94.63203959599997,40.57119322400007],[-94.08023044699996,40.572906258000046],[-93.26061922299994,40.58080430900003],[-92.68670006599996,40.58981634500003],[-92.09639390299998,40.60183738100005],[-91.72912180099996,40.61364740500005],[-91.68172078199996,40.55304239700007],[-91.62516776499996,40.54350739900008],[-91.52461872399994,40.41077238200006],[-91.41942869099995,40.378271383000026],[-91.37575267999995,40.391886387000056],[-91.36906568999996,40.512539408000066],[-91.40148870399997,40.559465415000034],[-91.34873969399996,40.60970242600007],[-91.18698665099998,40.63730444000004],[-91.12082663599995,40.67278445000005],[-91.09299964299998,40.82108647700005],[-90.96535061699996,40.92164050100007],[-90.94663362999995,41.09663953200004],[-91.11365469199995,41.24140854600006],[-91.04589669099994,41.414092579000055],[-90.93002265799998,41.42141158700008],[-90.85756064099996,41.45275859700007],[-90.65584558499995,41.462139610000065],[-90.59524357199996,41.511039622000055],[-90.46143853599995,41.52354063200005],[-90.34323450799997,41.58784064900004],[-90.31522651599994,41.73427167600005],[-90.18096048499996,41.80936169600005],[-90.14117349499998,42.00893873200005],[-90.17097651599994,42.12520574900003],[-90.39111458999997,42.22548075200007],[-90.41903360899994,42.32851276800005],[-90.47728563199996,42.38380177300007],[-90.65403369299997,42.47851077800004],[-90.64284969299996,42.508488784000065],[-90.72021572999995,42.640765800000054],[-90.94921980099997,42.68558079300004],[-91.05373983699997,42.73824579500007],[-91.10057186699999,42.88308581600006],[-91.14338188199997,42.90467781700005],[-91.17469890599995,43.03872083600004],[-91.17525991799994,43.13467285100006],[-91.05975689899998,43.259081878000075],[-91.10724391899998,43.31365288400008],[-91.20185395099998,43.34911088300004],[-91.23337397199998,43.45517589800005],[-91.21771297299995,43.50055790600004],[-91.949886183,43.500492859000076],[-92.62883209199998,43.50011005400006],[-93.27180755799998,43.49936377200004],[-93.79580070599997,43.49952773800004],[-94.49239794599998,43.50035668100003],[-95.15494408299998,43.50045664500004],[-95.74157724399998,43.499898605000055],[-96.45326843699996,43.50039755500006],[-96.59893647699994,43.50046454400007],[-96.59426246699996,43.434160535000046],[-96.52133143899994,43.374614532000066],[-96.57120243499998,43.23896850800003],[-96.47063440299996,43.20723251100003],[-96.43934338299994,43.113923499000066],[-96.51026439399999,43.049924485000076],[-96.50031637899997,42.95939847200003],[-96.63971238799996,42.737078430000054],[-96.51634634199996,42.630442422000044],[-96.44551630499996,42.490637406000076],[-96.39611529099994,42.48410240900006],[-96.41390327899995,42.34340038600004],[-96.32373124099996,42.22989437500007],[-96.34776023899997,42.16681336400006],[-96.26764420899997,42.09618435900006],[-96.19214917599999,41.984468347000075],[-96.12951315699996,41.97168034900005],[-96.16176415799998,41.90182733600005],[-96.064887119,41.79623732700003],[-96.11775912099995,41.69422830700006],[-96.09201609599995,41.53391728400004],[-96.00471606499997,41.47234928000006],[-95.92572104299995,41.45938928400005],[-95.95489903799995,41.35180326500006],[-95.88309701499998,41.316704264000066],[-95.92749901399998,41.20220524300004],[-95.86479699499995,41.18830524500004],[-95.869493977,41.00940621700005],[-95.812090948,40.88424620100005],[-95.84662794399998,40.76862618000007],[-95.88669795199996,40.74210817300008],[-95.84280893299996,40.677503166000065],[-95.78657591599995,40.65726016600007],[-95.76565290299999,40.58521515600006]]]},"properties":{"shapeName":"Iowa","shapeISO":"US-IA","shapeID":"66186276B63937528568220","shapeGroup":"USA","shapeType":"ADM1"}},
{"type":"Feature","geometry":{"type":"Polygon","coordinates":[[[-83.10860989899999,35.00066574900006],[-83.14326490499997,34.924762731000044],[-83.32386994999996,34.78971869600008],[-83.33836794899997,34.68690467300007],[-83.24338491699996,34.618003662000035],[-83.16828189399996,34.59100466000007],[-83.06945485999995,34.50213764400007],[-83.00292783899994,34.472138640000026],[-82.90155480999994,34.48677064700007],[-82.85576579399998,34.443983640000056],[-82.83500778399997,34.366075624000075],[-82.74665975299996,34.26641360600007],[-82.73188474399996,34.17836958700008],[-82.59455869599998,34.02872356000006],[-82.55683867999994,33.94535954400004],[-82.42280663699995,33.863760531000025],[-82.34693661299997,33.83430452700003],[-82.24747557999996,33.75259751300007],[-82.19658655899997,33.63058848800006],[-82.04633851099999,33.56383647900003],[-81.98594148999996,33.486542464000024],[-81.93413947399995,33.468343462000064],[-81.94474047199998,33.36404743800006],[-81.85261344199995,33.310407430000055],[-81.80523942299999,33.21145340900006],[-81.70463738899997,33.11645739200003],[-81.61778236199996,33.09528339000008],[-81.49190232099994,33.00670037500004],[-81.50271932099997,32.93869435900007],[-81.42161729199995,32.83518433900008],[-81.39303627599998,32.65154929900007],[-81.41190927999997,32.618416291000074],[-81.29796124299997,32.555834280000056],[-81.20003220999996,32.467991264000034],[-81.20513320999999,32.42379425400003],[-81.12863318299998,32.33703823700006],[-81.14573718499997,32.25113521700007],[-81.11994617199997,32.13400419100003],[-81.06690915399997,32.09035718300004],[-81.01196413899999,32.10018218700003],[-80.88552009899996,32.03460617600007],[-80.82153308299996,32.10859519500008],[-80.72148105599996,32.159319209000046],[-80.67222704399995,32.229511227000046],[-80.76604107499998,32.292614238000056],[-80.72221906299995,32.32471024700004],[-80.56897701599996,32.27643324100006],[-80.45295898399996,32.32250025500008],[-80.42929397999995,32.38967327100005],[-80.48461999899996,32.46098228500006],[-80.33244095499998,32.47811029400003],[-80.24620793199995,32.53619431000004],[-80.12137089699996,32.59052932600002],[-80.00080386199994,32.605898334000074],[-79.88558483199995,32.684874355000034],[-79.87911183299997,32.75084037000005],[-79.72639178999998,32.806002388000024],[-79.69811778299999,32.85133139900006],[-79.58106075099994,32.90642341500006],[-79.61771776399996,32.94487642200005],[-79.53211674199997,33.035199446000036],[-79.48327372699998,33.00979144100006],[-79.36229468999994,33.009093445000076],[-79.32816168399995,33.09041246500004],[-79.24642566099999,33.126013475000036],[-79.17571564399998,33.21106649700005],[-79.16989264699998,33.32424152200008],[-79.08459062899993,33.48367556100004],[-78.93807859299994,33.639832600000034],[-78.81293355999998,33.74347862800005],[-78.71411853299998,33.80014464300007],[-78.54203248399995,33.85193066100004],[-79.24976572499997,34.44978076900003],[-79.67530186999994,34.804750832000025],[-79.87069592899996,34.80538482500003],[-80.79754620599994,34.81979279600006],[-80.78204520799994,34.935788821000074],[-80.93495326299995,35.10741585200003],[-81.04149229099994,35.04470983500005],[-81.04287329699997,35.149254857000074],[-81.71626249899998,35.17885883900004],[-82.37874769599995,35.19805981800005],[-82.61244776099994,35.13824079600005],[-82.75770779999993,35.06802577600007],[-82.78787080999996,35.08503077900008],[-83.10860989899999,35.00066574900006]]]},"properties":{"shapeName":"South Carolina","shapeISO":"US-SC","shapeID":"66186276B79689460185872","shapeGroup":"USA","shapeType":"ADM1"}},
{"type":"Feature","geometry":{"type":"Polygon","coordinates":[[[-70.81729654099996,42.87229877800007],[-70.79399653699994,42.939898791000076],[-70.70381951499996,43.059833817000026],[-70.82680055899993,43.12709482500003],[-70.81786556299994,43.23791984600007],[-70.96722961899997,43.34378586100007],[-70.98681262999997,43.41427287300007],[-70.95083862599995,43.55103490000005],[-70.97271663499998,43.57026390200008],[-70.98906765399994,43.79244894300007],[-71.00873668999998,44.258834027000034],[-71.03103972299994,44.65546409700005],[-71.08392478399998,45.305460210000035],[-71.13195379599995,45.24543219800006],[-71.23536483199996,45.26035819700007],[-71.28623685199994,45.30067820200003],[-71.38491788099998,45.23336018700007],[-71.42882888799994,45.12389016700007],[-71.50522290899994,45.04880015100008],[-71.50108890499996,45.01335814500004],[-71.53629891499997,44.994168140000056],[-71.50108889699999,44.90444212500006],[-71.55680591199996,44.84881711400004],[-71.62492292699994,44.72904109000007],[-71.54577789099994,44.59090006800005],[-71.59948090199998,44.48646404800007],[-71.70804193399994,44.411986031000026],[-71.79392496099996,44.39928002500005],[-71.87247298299997,44.33663701100005],[-71.98112101999999,44.33750900800004],[-72.06777504399997,44.27098499300007],[-72.06616703799995,44.18978197800004],[-72.03192601899997,44.08214896000004],[-72.11698604199995,43.99448894100004],[-72.09869003299997,43.95766893500007],[-72.18791705599995,43.85613491400005],[-72.18333405099997,43.80818590500007],[-72.27118107599995,43.734146889000044],[-72.37312709899999,43.57942785700004],[-72.41035409499995,43.33168381000007],[-72.45198709599998,43.13893277300008],[-72.44463608599995,43.010574750000046],[-72.53218711099998,42.95495373600005],[-72.55724811299996,42.85302771600004],[-72.45852007199994,42.72686169600007],[-71.98140291499993,42.71330271000005],[-71.29420568799998,42.696998730000075],[-71.13250364199996,42.821397758000046],[-71.06420161899996,42.80629775800003],[-71.03120161099997,42.85909776800003],[-70.93079957899994,42.88459777600008],[-70.81729654099996,42.87229877800007]]]},"properties":{"shapeName":"New Hampshire","shapeISO":"US-NH","shapeID":"66186276B86627915353587","shapeGroup":"USA","shapeType":"ADM1"}},
{"type":"Feature","geometry":{"type":"Polygon","coordinates":[[[-109.04523371,36.99908977500007],[-109.69923221699997,36.998371398000074],[-110.46731945299996,36.998006572000065],[-110.50070101299997,37.00426568300003],[-111.13372914099995,37.00078464100005],[-111.86543466799998,37.001266430000044],[-112.82951372899998,37.00042959000007],[-113.45777555599994,37.00010503800007],[-114.05061171199998,37.00040145000003],[-114.04283065399994,36.43828238400005],[-114.04395562999997,36.19335535500005],[-114.13841763299996,36.038022331000036],[-114.23881064899996,36.014566321000075],[-114.37211768699996,36.14311932800007],[-114.44374769799998,36.12559832200003],[-114.51429171399997,36.15080032000003],[-114.63172773499997,36.14231131200006],[-114.75480975199997,36.084709297000074],[-114.72210774099995,36.028957293000076],[-114.74060673899999,35.97566128500006],[-114.70028272499997,35.901777279000044],[-114.68941869899999,35.651417250000065],[-114.65341768899998,35.61079424700006],[-114.67765468199997,35.489747231000024],[-114.59594265199996,35.325239217000046],[-114.57275863099994,35.13873019500005],[-114.63349863099995,35.00186217500004],[-114.63673662099995,34.88911216100007],[-114.552693595,34.766876151000076],[-114.47048857599998,34.71137314900005],[-114.43647755899997,34.59540513700006],[-114.34262652999996,34.451447124000026],[-114.13829347999996,34.30323511700004],[-114.229726487,34.186933098000054],[-114.41591951599997,34.10764107700004],[-114.43827751299995,34.02261406500003],[-114.53548952399996,33.93465604900007],[-114.49650049799999,33.696906021000075],[-114.52397050199994,33.685884018000024],[-114.52461049199997,33.55223600100004],[-114.62292950299997,33.456565984000065],[-114.72288351699996,33.39878397100006],[-114.68051849999995,33.27358195800008],[-114.67937049099999,33.15952394300007],[-114.70790749199995,33.09743693400003],[-114.67081448099998,33.03798892800006],[-114.52358945299994,33.03096593500004],[-114.46294043299997,32.90794892200006],[-114.46898242999998,32.84515991400008],[-114.52686743399994,32.75709889900003],[-114.71964446699997,32.718767885000034],[-114.80940447599994,32.61712386700003],[-114.813624469,32.49428185100004],[-113.96146727799999,32.234561142000075],[-113.12597211899998,31.972784863000072],[-112.60780500299995,31.81580451700006],[-111.97942787599999,31.620687866000026],[-111.07483567999998,31.332243865000066],[-110.46018255699994,31.33283189200006],[-110.000623465,31.333149912000067],[-109.05005426899999,31.332506953000063],[-109.04831935099998,32.08242235100005],[-109.04712736099998,32.77757517400005],[-109.04730840499997,33.40978826800006],[-109.04675318999995,34.166946315000075],[-109.04537351099998,34.78541146800006],[-109.04603473599997,35.17551351100008],[-109.04602160899998,35.92590162800008],[-109.04544181099999,36.527370389000055],[-109.04523371,36.99908977500007]]]},"properties":{"shapeName":"Arizona","shapeISO":"US-AZ","shapeID":"66186276B89395128410123","shapeGroup":"USA","shapeType":"ADM1"}},
{"type":"Feature","geometry":{"type":"Polygon","coordinates":[[[-77.03900828899998,38.79165276400005],[-76.90939725499999,38.89281978900004],[-77.04100130199998,38.99511780500006],[-77.11976132299998,38.93435079000005],[-77.03170028999995,38.850519776000056],[-77.03900828899998,38.79165276400005]]]},"properties":{"shapeName":"District of Columbia","shapeISO":"US-DC","shapeID":"66186276B94082813086253","shapeGroup":"USA","shapeType":"ADM1"}},
{"type":"Feature","geometry":{"type":"Polygon","coordinates":[[[-170.84701755299997,-14.320845462999955],[-170.74043457499997,-14.364809481999941],[-170.73923855899997,-14.29117748799996],[-170.84701755299997,-14.320845462999955]]]},"properties":{"shapeName":"American Samoa","shapeISO":"US-AS","shapeID":"66186276B68035916752114","shapeGroup":"USA","shapeType":"ADM1"}},
{"type":"Feature","geometry":{"type":"MultiPolygon","coordinates":[[[[-64.90355489099994,17.680427701000042],[-64.73091183799994,17.704407711000044],[-64.74859084499997,17.78361273400003],[-64.89366588899998,17.742745720000073],[-64.90355489099994,17.680427701000042]]],[[[-65.04214794599994,18.35329089800007],[-64.88014489499994,18.307720887000073],[-64.90465590399998,18.365135904000056],[-65.04214794599994,18.35329089800007]]]]},"properties":{"shapeName":"United States Virgin Islands","shapeISO":"US-VI","shapeID":"66186276B43103824256708","shapeGroup":"USA","shapeType":"ADM1"}},
{"type":"Feature","geometry":{"type":"Polygon","coordinates":[[[-75.41506384099995,39.801927026000044],[-75.55944787599998,39.629819987000076],[-75.55587187399993,39.60583198200004],[-75.53643285899994,39.46056695400006],[-75.46521383499999,39.43893795200006],[-75.38266680399994,39.35449193800008],[-75.17044572999998,39.234650921000025],[-75.16735372799997,39.20330691500004],[-75.02638468399994,39.21320392200005],[-74.88716863699995,39.15883291600005],[-74.90366563799995,39.087444901000026],[-74.97199665099998,38.94037786800004],[-74.86445961699997,38.94041787200007],[-74.79272459699996,38.991998885000044],[-74.67143156999998,39.179809928000054],[-74.61353555499994,39.24468694300003],[-74.49212452199998,39.32977096400003],[-74.42362850199999,39.35541097200007],[-74.32856247599995,39.439657992000036],[-74.14173443099997,39.68944304900003],[-74.09635942099999,39.768100066000045],[-74.06380842299995,39.978868109000075],[-73.97744341499998,40.299381176000054],[-74.00638443099996,40.41111619700007],[-74.13793747499994,40.456967201000055],[-74.26189051499995,40.46471419900007],[-74.25463851799998,40.54859421500004],[-74.21447050599994,40.56502722000005],[-74.20222450599994,40.631061233000025],[-74.16170549399999,40.64586823800005],[-74.15858449299998,40.644650238000054],[-74.09325447299994,40.64893424100006],[-74.02454445399997,40.70944425500005],[-74.01378545399996,40.756609265000066],[-73.92900743499996,40.889586294000026],[-73.90501143299997,40.99759931600005],[-74.30199557199995,41.17260233500008],[-74.69491570999998,41.35743135700005],[-74.75324072799998,41.346130352000046],[-74.83836774999997,41.27729433600007],[-74.88214075799993,41.18084431600005],[-74.98221378599999,41.10825329800008],[-75.02710379499996,41.03953728300007],[-75.13057682499993,40.99110127000006],[-75.05103079199995,40.86567024900006],[-75.13440181299995,40.77377322800004],[-75.17158882499996,40.77775322700006],[-75.19511581999996,40.57969718800007],[-75.06861677699999,40.54223118500005],[-75.05884976599998,40.41807316100005],[-74.96399873499996,40.395254160000036],[-74.94377772499996,40.34257215000008],[-74.84230968699995,40.250516136000044],[-74.77172066299994,40.21529513100006],[-74.72436364299995,40.14645111900006],[-74.81612267099996,40.12774811200006],[-75.13385676199994,39.95422506700004],[-75.14374776099999,39.88500605300004],[-75.35440182399998,39.83992503600007],[-75.41506384099995,39.801927026000044]]]},"properties":{"shapeName":"New Jersey","shapeISO":"US-NJ","shapeID":"66186276B73434888205604","shapeGroup":"USA","shapeType":"ADM1"}},
{"type":"Feature","geometry":{"type":"Polygon","coordinates":[[[-75.24226768499994,38.027216671000076],[-75.19379767299995,38.09602068700008],[-75.04894064799998,38.45127076600005],[-75.39356475599999,38.452121754000075],[-75.69367184999999,38.46008774500007],[-75.75102990999994,39.17776988900005],[-75.78745194899994,39.637462980000066],[-75.78859795399995,39.72220699700006],[-76.23327909399995,39.72131298000005],[-76.99090533199995,39.719807951000064],[-77.53476050199998,39.72014193000007],[-78.53770481499998,39.722497891000046],[-79.47666510499994,39.721085853000034],[-79.48687607299996,39.20596875100006],[-79.42563005499994,39.22573275800005],[-79.214283,39.36348979300004],[-79.08327296699997,39.47138682000008],[-78.95675392499999,39.44027181900003],[-78.79596688699996,39.614212860000066],[-78.68945784999994,39.545777850000036],[-78.56593180999994,39.51945185000005],[-78.46290177799995,39.520847855000056],[-78.35522075199998,39.640583882000044],[-78.26509072299996,39.61928188200005],[-78.17662770099997,39.69597490000007],[-78.10783667799996,39.682144900000026],[-78.00998764299999,39.60290088900007],[-77.83801058899996,39.60613289600008],[-77.86368259099999,39.51503987700005],[-77.80183256999999,39.48940287400006],[-77.75309255099995,39.42326986300003],[-77.75579154599995,39.33390684500006],[-77.71952153399997,39.32132184400007],[-77.56659848499999,39.306128847000025],[-77.45768244599998,39.22502783500005],[-77.52728446299994,39.14624381700003],[-77.46261943799993,39.07625580500007],[-77.34028939999996,39.06299880700004],[-77.24460536699996,39.020116802000075],[-77.22150435699996,38.971317793000026],[-77.11976132299998,38.93435079000005],[-77.04100130199998,38.99511780500006],[-76.90939725499999,38.89281978900004],[-77.03900828899998,38.79165276400005],[-77.04148928599994,38.725917751000054],[-77.13250331099994,38.67382373700008],[-77.13020230799998,38.635024729000065],[-77.22111933099995,38.55522470900007],[-77.27422234299996,38.48177769200004],[-77.25017432999994,38.38278867300005],[-77.20731431499996,38.35987467000007],[-77.01637326099996,38.44557969500005],[-76.97550124299994,38.34605867600004],[-76.92611422399995,38.29443766700007],[-76.75228816599997,38.22212865800003],[-76.68714414699997,38.241343665000045],[-76.59433211699996,38.21582166300004],[-76.54038209599997,38.152998652000065],[-76.39233704699996,38.10290364700006],[-76.32013802699998,38.138346657000056],[-76.38524605199996,38.21775867100007],[-76.42137906899995,38.31893869000004],[-76.38186805999999,38.38638870500006],[-76.49270110099997,38.482856721000076],[-76.51128011399999,38.615752748000034],[-76.55753713599995,38.74469477200006],[-76.49794612199997,38.81480978900004],[-76.51494612899995,38.852169796000055],[-76.45028211499994,38.94112081600008],[-76.47620412499998,38.981526823000024],[-76.43104511999996,39.13213085500007],[-76.52578715199996,39.17791586100003],[-76.42528312299999,39.20571587000006],[-76.40810812299998,39.30007189000003],[-76.28962508699993,39.31717489700003],[-76.08926103199997,39.44513093000006],[-76.09607403999996,39.53691994900004],[-75.97033900099996,39.557644957000036],[-75.96661799499998,39.462840939000046],[-76.03500401199994,39.40200192400005],[-76.18558305499994,39.319341902000076],[-76.27607707199996,39.14623286400007],[-76.22737805199995,39.05310584700004],[-76.16287202899997,39.00611483900008],[-76.35383008499997,38.95724182300006],[-76.36566008599993,38.907484812000064],[-76.21867804199996,38.946690825000076],[-76.20025802799995,38.803008797000075],[-76.29780205999998,38.82832179900004],[-76.34244806999999,38.750903781000034],[-76.17732101399997,38.676016772000025],[-76.17661401099997,38.62765476200008],[-76.29004504299996,38.56916574600007],[-76.24730202699999,38.52382573800003],[-76.33156104999995,38.47355572500004],[-76.24966801799997,38.36422170600008],[-76.10566096899998,38.29545969700007],[-75.96531092699996,38.32250270700007],[-75.86410588899997,38.20086568600004],[-75.87558688499996,38.08025066000005],[-75.80059886099997,38.06191365900003],[-75.88547788399995,37.99608564300007],[-75.89268788199996,37.91685562600003],[-75.78381685099998,37.97260164100004],[-75.64823080799994,37.96677864500003],[-75.62434280199994,37.99421865100004],[-75.24226768499994,38.027216671000076]]]},"properties":{"shapeName":"Maryland","shapeISO":"US-MD","shapeID":"66186276B21291522594454","shapeGroup":"USA","shapeType":"ADM1"}},
{"type":"Feature","geometry":{"type":"MultiPolygon","coordinates":[[[[-68.73161792399998,44.22269909100004],[-68.70905491199994,44.157432080000035],[-68.64138888999997,44.157897082000034],[-68.60264687999995,44.22299809500004],[-68.67870390799999,44.26471410000005],[-68.73161792399998,44.22269909100004]]],[[[-68.91184697699998,44.09640806300007],[-68.87003595899995,44.03175005200006],[-68.77211192899995,44.07889506400005],[-68.80610094299993,44.11678806900005],[-68.91184697699998,44.09640806300007]]],[[[-70.70381951499996,43.059833817000026],[-70.66595850299996,43.07624282100005],[-70.57578748199995,43.22186785100007],[-70.59390748899995,43.24930385500005],[-70.51769546999998,43.34404587500006],[-70.36201542399994,43.43908589800003],[-70.36121442899997,43.52919891400006],[-70.19691137599995,43.56515492600005],[-70.24098739699997,43.65914094200008],[-70.23199039599996,43.704830951000076],[-70.15386937399995,43.77478996600007],[-70.01919733399995,43.85874198600004],[-69.95825331299994,43.847339986000065],[-70.04334233599997,43.74800996500005],[-69.88406628399997,43.77804397500006],[-69.83347126399997,43.71778396600007],[-69.75409123899993,43.74387497300006],[-69.60461619599994,43.85801299800005],[-69.50329016099994,43.83768199800005],[-69.43773414699996,43.975760025000056],[-69.36239012199997,43.99388803100004],[-69.26751508799998,43.94367602400007],[-69.20366806599998,43.94181502600003],[-69.09820903899998,44.083078055000044],[-69.05923003299995,44.20792207900007],[-68.95446500399999,44.324059103000025],[-68.99447302299995,44.42222411900008],[-68.83129497099998,44.458007131000045],[-68.80966595799998,44.373971116000064],[-68.76202093999996,44.32960610900005],[-68.60338488299993,44.27471910400004],[-68.52777786499996,44.39851512900003],[-68.42557483499996,44.47861514600004],[-68.35641080699997,44.39223113200006],[-68.43094582599997,44.29863311300005],[-68.40454381499995,44.25387810600006],[-68.31059178199996,44.228173104000064],[-68.29461377999996,44.28666711500006],[-68.17553574199997,44.332078127000045],[-68.20353975499995,44.39237413700005],[-68.29426578799996,44.433037142000046],[-68.21855576599995,44.493367155000044],[-68.11522772899997,44.46791215300004],[-68.11228972499998,44.401597141000025],[-68.01415169099994,44.38594714100003],[-67.91242465799996,44.41736214900004],[-67.85847164499995,44.51930216900007],[-67.75888361299997,44.54895117800004],[-67.56471754599994,44.532077180000044],[-67.54336754399998,44.62656319700005],[-67.40549149599997,44.59424519500004],[-67.36197748299998,44.640244205000045],[-67.23427443999998,44.637210208000056],[-66.97970736199994,44.807369245000075],[-66.98446536899996,44.91256626400008],[-67.03347338699996,44.939932267000074],[-67.11241342299996,45.112332296000034],[-67.15791844099994,45.16101330300006],[-67.29060248799993,45.18759830500005],[-67.35418650699995,45.12978429300006],[-67.47658755599997,45.27493531500005],[-67.42695754599998,45.39019933700007],[-67.49976657599996,45.47805935000008],[-67.42424155099997,45.505916357000046],[-67.42971555699995,45.58378237100004],[-67.60850461999996,45.60620737000005],[-67.71046365899997,45.67938138000005],[-67.80331269099997,45.67789537700003],[-67.80367770199996,45.869388410000056],[-67.78109469799995,45.94304142400006],[-67.78840573899998,46.60180453600003],[-67.79051476799998,47.06793061500008],[-67.88130180199994,47.10392261800007],[-67.95226883299995,47.19615163200007],[-68.23460394099993,47.35504465000008],[-68.36155898499999,47.35561464600005],[-68.37631898699993,47.29426663500004],[-68.57855105699997,47.28756062800005],[-68.61241106599994,47.24481262000006],[-68.71786710199996,47.240928616000076],[-68.90747216399996,47.18491560100006],[-69.03345621199998,47.240993607000064],[-69.05546523299995,47.43228363800006],[-69.22442029299998,47.45969563700004],[-69.99708650799994,46.69523948500006],[-70.05695050999998,46.415164435000065],[-70.19149855199998,46.349970420000034],[-70.29273657499994,46.191608390000056],[-70.23956655399996,46.14277138300008],[-70.31759657199996,46.01950135900006],[-70.30532656399998,45.964887350000026],[-70.24017754099998,45.94373834900006],[-70.28420455099996,45.87204333500006],[-70.41767459099998,45.79457931700006],[-70.40040457999999,45.71984330500004],[-70.46598260199994,45.70626530100003],[-70.64468765599997,45.60709227700005],[-70.71780367299993,45.490197255000055],[-70.62745963699996,45.42164224600003],[-70.71228666399998,45.390620237000064],[-70.82603370299995,45.39841723500007],[-70.80642069099997,45.320607222000035],[-70.88502971199995,45.23488220400003],[-70.95237774199995,45.339106220000076],[-71.08392478399998,45.305460210000035],[-71.03103972299994,44.65546409700005],[-71.00873668999998,44.258834027000034],[-70.98906765399994,43.79244894300007],[-70.97271663499998,43.57026390200008],[-70.95083862599995,43.55103490000005],[-70.98681262999997,43.41427287300007],[-70.96722961899997,43.34378586100007],[-70.81786556299994,43.23791984600007],[-70.82680055899993,43.12709482500003],[-70.70381951499996,43.059833817000026]]]]},"properties":{"shapeName":"Maine","shapeISO":"US-ME","shapeID":"66186276B78821008370123","shapeGroup":"USA","shapeType":"ADM1"}},
{"type":"Feature","geometry":{"type":"MultiPolygon","coordinates":[[[[-156.06077348699998,19.730552481000075],[-156.03245248999997,19.656003484000053],[-155.97822049199996,19.608162485000037],[-155.94821249599997,19.49547749000004],[-155.88673650099997,19.34555549600003],[-155.91830450599997,19.114808507000077],[-155.87960650899998,19.03353751000003],[-155.80102551199997,19.010117509000054],[-155.65478451699997,18.922453510000025],[-155.59920251799997,18.968399506000026],[-155.50127251499998,19.13486149700003],[-155.34577751699996,19.214983490000066],[-155.29325051699996,19.263904486000058],[-155.19194751899997,19.25612548400005],[-154.97188752199997,19.34994747500002],[-154.82027952199996,19.47886846700004],[-154.81136352099998,19.52678746500004],[-154.90264851799998,19.568365465000056],[-154.97958851499996,19.637887463000027],[-155.00353851199998,19.736333460000026],[-155.09003450999998,19.73462646100006],[-155.08230350799997,19.835945457000037],[-155.14440850499997,19.920526454000026],[-155.20450050299996,19.96944145300006],[-155.43783749499997,20.09268545200007],[-155.55612449099996,20.129224452000074],[-155.58908249099997,20.119189453000047],[-155.83821348199996,20.268562451000037],[-155.88831748099997,20.252060452000023],[-155.90489648199997,20.19717345500004],[-155.88420448399998,20.10675345900006],[-155.82309248699997,20.027631462000045],[-155.83241048799997,19.973930465000024],[-156.04606948599996,19.783256478000055],[-156.06077348699998,19.730552481000075]]],[[[-156.69743244699998,20.916371431000073],[-156.61838045099998,20.80758443600007],[-156.53768945399997,20.77459043600004],[-156.46127345599996,20.778468435000036],[-156.44071445899996,20.604288444000076],[-156.37380846199997,20.574919444000045],[-156.29962746399997,20.58308644300007],[-156.19132646599996,20.628506439000034],[-156.13904546799998,20.618126438000047],[-156.04663646999998,20.652598435000073],[-155.98336546999997,20.721755431000076],[-156.00837246799998,20.796831428000075],[-156.10875146499998,20.824603428000046],[-156.24029745999997,20.935904424000057],[-156.32177745699997,20.947102424000036],[-156.47970445399997,20.898078429000066],[-156.56014944899997,21.013884424000025],[-156.64109944699996,21.023280424000063],[-156.69743244699998,20.916371431000073]]],[[[-156.70001545299996,20.52792745200003],[-156.66632345499997,20.50091645300006],[-156.56736445699997,20.516117450000024],[-156.56841945599996,20.60309344600006],[-156.70001545299996,20.52792745200003]]],[[[-157.06025643599997,20.90192743700004],[-157.01121143799998,20.85401243900003],[-156.96335244199997,20.731930445000046],[-156.89039844399997,20.73502544400003],[-156.82986244499997,20.766920441000025],[-156.80592244499996,20.821671438000067],[-156.88255344099997,20.904466434000028],[-156.98696843799996,20.92884443400004],[-157.06025643599997,20.90192743700004]]],[[[-157.30648642499997,21.108194428000047],[-157.25254842699997,21.087673429000063],[-157.09559743199998,21.103587426000047],[-156.87451043899998,21.045481426000038],[-156.80221444099996,21.06709842400005],[-156.71244844299997,21.14402841900005],[-156.73906844199996,21.17350841800004],[-156.86587743799998,21.161392420000027],[-157.18680942699996,21.20333742100007],[-157.23884642499996,21.217831421000028],[-157.30648642499997,21.108194428000047]]],[[[-158.27756938299999,21.576993412000036],[-158.22979538599998,21.53432941400007],[-158.23115838599998,21.482688417000077],[-158.14114139099996,21.376386423000042],[-158.11271439299998,21.30190342700007],[-157.97832739799998,21.31593242400004],[-157.88670240099998,21.306649424000057],[-157.79589340499996,21.257159426000044],[-157.65104640999996,21.298819422000065],[-157.76310040399997,21.437816415000043],[-157.83809940099997,21.456706414000053],[-157.91679339599997,21.647440403000076],[-157.96739739299997,21.710430400000064],[-158.00926639199997,21.700343401000055],[-158.12283738899998,21.583516410000072],[-158.27756938299999,21.576993412000036]]],[[[-159.78795731299996,22.030105395000078],[-159.75941931499997,21.97951339900004],[-159.66872931999998,21.953588400000058],[-159.60815232299998,21.89980040300003],[-159.44488233099997,21.868630404000044],[-159.32989633499997,21.960180396000055],[-159.33272433399998,22.050716390000048],[-159.29329333499996,22.144344383000032],[-159.33997833199996,22.208522379000044],[-159.48795332499998,22.229515379000077],[-159.58107232099997,22.22349138000004],[-159.73055831499997,22.13995638700004],[-159.78795731299996,22.030105395000078]]],[[[-160.24751729299996,21.830406414000038],[-160.20355129599997,21.779163417000063],[-160.15904829699997,21.86528441100006],[-160.07317830099998,21.900457407000033],[-160.05304330099997,21.992283400000076],[-160.22536129399998,21.88998741000006],[-160.24751729299996,21.830406414000038]]]]},"properties":{"shapeName":"Hawaii","shapeISO":"US-HI","shapeID":"66186276B99594608635082","shapeGroup":"USA","shapeType":"ADM1"}},
{"type":"Feature","geometry":{"type":"Polygon","coordinates":[[[-75.78859795399995,39.72220699700006],[-75.78745194899994,39.637462980000066],[-75.75102990999994,39.17776988900005],[-75.69367184999999,38.46008774500007],[-75.39356475599999,38.452121754000075],[-75.04894064799998,38.45127076600005],[-75.08215467599996,38.772164830000065],[-75.19055371199994,38.806868834000056],[-75.30407975399999,38.913167851000026],[-75.34576477299998,39.02486487300007],[-75.39627879099999,39.05789187700003],[-75.40837780699997,39.26470591900005],[-75.49168983799996,39.34397093200005],[-75.59306987799994,39.47919395500003],[-75.56303587399998,39.56224797300007],[-75.61315489299994,39.62096798300007],[-75.56224787899998,39.656719992000035],[-75.46850385699997,39.78648202100004],[-75.42341784399997,39.80662302700006],[-75.57985089599998,39.838534028000026],[-75.71697093599994,39.79200601300005],[-75.78859795399995,39.72220699700006]]]},"properties":{"shapeName":"Delaware","shapeISO":"US-DE","shapeID":"66186276B31549545599635","shapeGroup":"USA","shapeType":"ADM1"}},
{"type":"Feature","geometry":{"type":"Polygon","coordinates":[[[144.61806326400006,13.447816904000035],[144.66307125000003,13.401063917000045],[144.63937325400002,13.34321793600003],[144.6773202390001,13.254595963000043],[144.73300422400007,13.253364961000045],[144.772105215,13.302542944000038],[144.78519721600003,13.410921909000024],[144.92668618000005,13.522055869000042],[144.95670717500002,13.598174844000027],[144.87879719900002,13.645736832000068],[144.76935222300006,13.481097888000022],[144.61806326400006,13.447816904000035]]]},"properties":{"shapeName":"Guam","shapeISO":"US-GU","shapeID":"66186276B63361112364184","shapeGroup":"USA","shapeType":"ADM1"}},
{"type":"Feature","geometry":{"type":"MultiPolygon","coordinates":[[[[145.6895830100001,15.120290857000043],[145.79774300400004,15.166314323000051],[145.77722101300003,15.252979297000024],[145.716373029,15.219222309000031],[145.6895830100001,15.120290857000043]]],[[[145.58186505800006,15.017567377000034],[145.64527303700004,14.926354403000062],[145.67378603200007,15.006486377000044],[145.6451750440001,15.101170349000029],[145.58186505800006,15.017567377000034]]],[[[145.12115715100003,14.120645674000059],[145.21246012500012,14.115296672000056],[145.24126812100008,14.20024664400006],[145.1596701420001,14.16809065800004],[145.12115715100003,14.120645674000059]]]]},"properties":{"shapeName":"Commonwealth of the Northern Mariana Islands","shapeISO":"US-MP","shapeID":"66186276B16791499040259","shapeGroup":"USA","shapeType":"ADM1"}},
{"type":"Feature","geometry":{"type":"MultiPolygon","coordinates":[[[[-71.19564059599998,41.67509853800004],[-71.27186261799994,41.62399452500006],[-71.33083163199996,41.51837250300008],[-71.24666660299994,41.494273501000066],[-71.12057056199995,41.49745650600005],[-71.13288857499998,41.66011053700004],[-71.19564059599998,41.67509853800004]]],[[[-71.79924281299998,42.008073582000065],[-71.78699478799996,41.65600051500007],[-71.79768377799996,41.41671746800006],[-71.86051379299994,41.320256448000066],[-71.71603674599999,41.33109745400003],[-71.62415871799993,41.36121846300006],[-71.48420367299997,41.37185047000003],[-71.41840465799999,41.472660491000056],[-71.40862166499994,41.663176529000054],[-71.30713163499996,41.72165654300005],[-71.22479860799996,41.710506544000054],[-71.32789664499995,41.78050955400005],[-71.38170066899994,41.89320757400003],[-71.38140167699999,42.018806598000026],[-71.79924281299998,42.008073582000065]]]]},"properties":{"shapeName":"Rhode Island","shapeISO":"US-RI","shapeID":"66186276B98073251815399","shapeGroup":"USA","shapeType":"ADM1"}},
{"type":"Feature","geometry":{"type":"MultiPolygon","coordinates":[[[[-81.96801571499998,37.53804231700008],[-82.04240073699998,37.53392331300006],[-82.13442776699998,37.56293531500006],[-82.18169478499993,37.62715432600004],[-82.30288982599996,37.69369033400005],[-82.33970884299998,37.78551635100007],[-82.41993287399998,37.88487736800005],[-82.49727489999998,37.92762837300006],[-82.55126292599994,38.07080639900005],[-82.63730995599997,38.13905740900003],[-82.57465994599994,38.26388043600008],[-82.59348396299998,38.42182846600008],[-82.61046197099995,38.47146447500006],[-82.73096201299995,38.559271487000046],[-82.82016504099994,38.57271048600006],[-82.85429505399998,38.613461492000056],[-82.89419707599995,38.75658351800007],[-83.03070611499999,38.725727506000055],[-83.156930145,38.62055448000007],[-83.26401517699998,38.62154247600006],[-83.52095725999999,38.70305248000005],[-83.62692628999997,38.67939447100008],[-83.64974129299998,38.63276046100003],[-83.76935132999995,38.65522746000005],[-83.87317236899997,38.76242547600003],[-83.97881840199994,38.787111476000064],[-84.07149542899998,38.77048246800007],[-84.21290847299997,38.805714468000076],[-84.23445748599994,38.89323348400006],[-84.30470251599996,39.00646250300008],[-84.42573455499996,39.05306650600005],[-84.44524656599998,39.114468517000034],[-84.63245061799995,39.07676750100006],[-84.75445365999997,39.14666550800007],[-84.82016167599994,39.10548749700007],[-84.89673069499997,39.05331148400006],[-84.83712467199996,38.98806647400005],[-84.86778267399995,38.899140456000055],[-84.82996265799994,38.83063944500003],[-84.88728967199995,38.794783435000056],[-84.99193170199999,38.77854442700004],[-85.17305274799998,38.68802940100005],[-85.30532979099996,38.74155340500005],[-85.43630382899994,38.72849139700003],[-85.45648583099995,38.68507638800003],[-85.42244580999994,38.53293836000006],[-85.49887082699996,38.46824934400007],[-85.61828585899997,38.42636033100007],[-85.65535986199995,38.323856309000064],[-85.74086188299998,38.26787329500007],[-85.78690889799998,38.288540296000065],[-85.90387792299998,38.174149269000054],[-85.92127991799998,38.030327241000066],[-85.94711892299995,38.00509223500006],[-86.07593695999998,37.995500227000036],[-86.17656198999998,38.010237225000026],[-86.26720801999994,38.056805230000066],[-86.28711503399995,38.15794624800003],[-86.37532905699999,38.13063623900007],[-86.45219707299998,38.05049722000007],[-86.51176508999998,38.044455216000074],[-86.51101008099994,37.92612719300007],[-86.75099514999994,37.912900179000076],[-86.79551516799995,37.989460192000024],[-87.01237822499996,37.91871516800006],[-87.06968023299999,37.80152014300006],[-87.22034727999994,37.84908814500005],[-87.38543933399995,37.93767715400003],[-87.51150436799998,37.906433142000026],[-87.60157839899995,37.971311150000076],[-87.62839440299996,37.92757014000006],[-87.58374238699997,37.878087133000065],[-87.66652740599994,37.827462120000064],[-87.68402341699993,37.90350513300007],[-87.83058345699999,37.87652312100005],[-87.88332647599998,37.92624512800006],[-87.93678948899998,37.89259411900008],[-87.90681547399998,37.80763110400005],[-87.94451148199994,37.77526309600006],[-88.02803550799996,37.799231097000074],[-88.05959351199994,37.74261508500007],[-88.16019253499996,37.65759906400007],[-88.13339852099995,37.57424204900008],[-88.07224749999995,37.52883304300008],[-88.08177049799997,37.47302803200006],[-88.28167255399995,37.45260301900004],[-88.36547657399996,37.40167000500003],[-88.40881358799999,37.425223008000046],[-88.47659760399995,37.386881997000046],[-88.51594460699994,37.28404997600006],[-88.42440857199995,37.15243495500005],[-88.45895357599994,37.07380293800003],[-88.53158159599997,37.06719893400003],[-88.625894626,37.11946493900007],[-88.73211065799995,37.14396293900006],[-88.91693971599994,37.224297945000046],[-89.02998674699995,37.21115093700007],[-89.15450977299997,37.08891390800005],[-89.18251477699994,37.03728189700007],[-89.13269075899996,36.982206889000054],[-89.09901274799995,36.96139588600005],[-89.13797475099994,36.847355863000075],[-89.11685273999996,36.77561385000007],[-89.19781375999997,36.73941883900005],[-89.15908574299993,36.66635882700007],[-89.22732475599997,36.569381805000035],[-89.32673678799995,36.632192813000074],[-89.36555379799995,36.625065810000024],[-89.41728080399997,36.499017783000056],[-89.30028977199999,36.507153790000075],[-88.88456265499997,36.50171080800004],[-88.05321041999997,36.49713584600005],[-88.03249441699995,36.540668855000035],[-88.07053743699998,36.67812488000004],[-87.84957237299994,36.663707887000044],[-87.85320937199998,36.63325388100003],[-87.11498116299998,36.64242091600005],[-86.58991101299995,36.65249294200004],[-86.33305593899996,36.648784953000074],[-85.83217679199998,36.62205296900004],[-85.48835769199997,36.61500098300007],[-85.19537660799995,36.62550499800005],[-84.84309550399996,36.60513400900004],[-84.54314241599997,36.59628402000004],[-83.69071816499996,36.58258805300005],[-83.67539916199996,36.60079105700004],[-83.49801511399994,36.67049207800005],[-83.42371109199996,36.66739208100006],[-83.31140706199994,36.71029409400006],[-83.13639901199997,36.743095108000034],[-83.07559400099996,36.85059613200008],[-82.97025696999998,36.85769313800006],[-82.87007194299997,36.901742151000064],[-82.86753894699996,36.97752516700007],[-82.74245791399994,37.04298718500007],[-82.72210091299996,37.12017520200004],[-82.55037586799995,37.204465226000025],[-82.35095181199995,37.26708424700007],[-81.96801571499998,37.53804231700008]]],[[[-89.53923783799996,36.49794077700005],[-89.48543282299994,36.49749777900007],[-89.48484182799996,36.57182779400006],[-89.57151485099996,36.552575786000034],[-89.53923783799996,36.49794077700005]]]]},"properties":{"shapeName":"Kentucky","shapeISO":"US-KY","shapeID":"66186276B22971435435932","shapeGroup":"USA","shapeType":"ADM1"}},
{"type":"Feature","geometry":{"type":"Polygon","coordinates":[[[-80.51899449399997,40.638808984000036],[-80.51879754499998,41.30551710900005],[-80.51942859999997,41.977531233000036],[-80.90034570899996,41.868920195000044],[-81.00368773999998,41.85283718800008],[-81.21662779899998,41.77223716300006],[-81.28413281999997,41.763527158000045],[-81.44194986099996,41.67408913400004],[-81.59975089999995,41.560657106000065],[-81.74475893899995,41.48715808600008],[-81.94466200099998,41.49244007800007],[-82.01197002399994,41.515647079000075],[-82.17790907099999,41.47159506300005],[-82.26848309499997,41.43085005100005],[-82.36388312399998,41.42811604600007],[-82.48121815599995,41.38135003200006],[-82.62570020399994,41.42365603300004],[-82.70072123099999,41.46430503600004],[-82.81266826499996,41.46982603200007],[-82.94220430099995,41.41976201700004],[-82.95384530999996,41.48830502900006],[-82.72648024199998,41.511629044000074],[-82.83410528199994,41.58759505200004],[-82.86942628799994,41.53397004100003],[-82.96964631799995,41.524237034000066],[-83.06659735399995,41.59534804200007],[-83.23764641099996,41.65101604400007],[-83.33561344499998,41.70603004900005],[-83.45383648399996,41.73265504800003],[-84.20223719299997,41.71104665400003],[-84.80597689099994,41.69612597300005],[-84.80323883799997,41.12142187100005],[-84.80392176799995,40.31012272300006],[-84.81418373099996,39.81421963100007],[-84.82016167599994,39.10548749700007],[-84.75445365999997,39.14666550800007],[-84.63245061799995,39.07676750100006],[-84.44524656599998,39.114468517000034],[-84.42573455499996,39.05306650600005],[-84.30470251599996,39.00646250300008],[-84.23445748599994,38.89323348400006],[-84.21290847299997,38.805714468000076],[-84.07149542899998,38.77048246800007],[-83.97881840199994,38.787111476000064],[-83.87317236899997,38.76242547600003],[-83.76935132999995,38.65522746000005],[-83.64974129299998,38.63276046100003],[-83.62692628999997,38.67939447100008],[-83.52095725999999,38.70305248000005],[-83.26401517699998,38.62154247600006],[-83.156930145,38.62055448000007],[-83.03070611499999,38.725727506000055],[-82.89419707599995,38.75658351800007],[-82.85429505399998,38.613461492000056],[-82.82016504099994,38.57271048600006],[-82.73096201299995,38.559271487000046],[-82.61046197099995,38.47146447500006],[-82.59348396299998,38.42182846600008],[-82.529582942,38.405189466000024],[-82.34064388799999,38.44095548100006],[-82.29127488299997,38.57899051000004],[-82.18877085299994,38.59499151800003],[-82.18247085899998,38.708789540000055],[-82.21727287599998,38.795687556000075],[-82.14487085699994,38.84048756800007],[-82.14317086099999,38.89808657900005],[-82.03596683799998,39.025485608000054],[-81.93318980399994,38.98766660500007],[-81.84448977299996,38.92875359800007],[-81.78182375599994,38.96494260800006],[-81.80335876899994,39.04768562300006],[-81.74725675499997,39.095385634000024],[-81.75625776399994,39.17728365000005],[-81.67019074499996,39.275970673000074],[-81.57025071399994,39.26768267600005],[-81.55755071499993,39.338781690000076],[-81.45614668999997,39.40928170800004],[-81.34757065199994,39.34577770000004],[-81.18594960899998,39.43073872400004],[-80.93690954599998,39.61262377000003],[-80.88036352899996,39.62071377400008],[-80.86534253399998,39.753258800000026],[-80.82612752899996,39.84424581900004],[-80.75643551299999,39.91393783600006],[-80.73860751899997,40.075679867000076],[-80.66154650699997,40.22980590000003],[-80.59989849399994,40.31767692000005],[-80.59549750499997,40.47527395000003],[-80.66692053399998,40.573671965000074],[-80.62717452499999,40.61994397600006],[-80.51899449399997,40.638808984000036]]]},"properties":{"shapeName":"Ohio","shapeISO":"US-OH","shapeID":"66186276B76680759932915","shapeGroup":"USA","shapeType":"ADM1"}},
{"type":"Feature","geometry":{"type":"MultiPolygon","coordinates":[[[[-86.95617293199996,45.35549746200007],[-86.86646090299996,45.33569246500008],[-86.82438889799994,45.40614347800005],[-86.94304693599997,45.41525847300005],[-86.95617293199996,45.35549746200007]]],[[[-90.41814314199996,46.56610242000005],[-90.58625619699995,46.59987141400006],[-90.69472823899997,46.66441041500008],[-90.91827329399996,46.58307838800005],[-90.91515930399999,46.65841839900003],[-90.85383629099994,46.693465408000066],[-90.88502830999994,46.756349415000045],[-90.79894329399997,46.82315143100004],[-90.75086528999998,46.89304344400006],[-90.86390633399998,46.96267044600006],[-90.96487236099995,46.943788436000034],[-91.09657238799997,46.86153841500004],[-91.33825745399997,46.81771239200003],[-91.51108449599997,46.75746137100003],[-91.57429851499995,46.757496367000044],[-91.79013956999995,46.694683343000065],[-91.94299561299994,46.67994733000006],[-92.01529763799994,46.70647732900005],[-92.08949766599994,46.74924832900007],[-92.18909869099997,46.71754931800007],[-92.21639968899996,46.64984930600008],[-92.29129971299994,46.66815030300006],[-92.29404062599997,46.07438521900008],[-92.34998463399995,46.01699020700005],[-92.44226666099996,46.01618520100004],[-92.47276866299995,45.97296019200007],[-92.63883170599996,45.93417417500007],[-92.70770971999997,45.89490916500006],[-92.78462872399996,45.76420414100005],[-92.86920074199998,45.717576128000076],[-92.88375672499996,45.57549110700006],[-92.77023069099994,45.566947113000026],[-92.64660963799997,45.441643104000036],[-92.65042963299999,45.39851509700003],[-92.76187564999998,45.28702107300006],[-92.74675661999999,45.10705904800005],[-92.80217063099997,45.06756303900005],[-92.76206761299994,45.02432803500005],[-92.76528558899997,44.83719400700005],[-92.80799558899997,44.75147799200005],[-92.56944150099997,44.603546986000026],[-92.54055848799999,44.56726598300003],[-92.31994542199999,44.54494799400004],[-92.27679139999998,44.47365698600004],[-92.21517037799998,44.43851098500005],[-92.05649332799999,44.40273699000005],[-91.92559728099997,44.33355598900005],[-91.87516524899996,44.20058297200006],[-91.72155919599999,44.130349971000044],[-91.58002614199995,44.02693296500007],[-91.43252909599994,43.996834970000066],[-91.28414503499994,43.847072956000034],[-91.24414201399998,43.77467494700005],[-91.26875500199998,43.61535592100006],[-91.21771297299995,43.50055790600004],[-91.23337397199998,43.45517589800005],[-91.20185395099998,43.34911088300004],[-91.10724391899998,43.31365288400008],[-91.05975689899998,43.259081878000075],[-91.17525991799994,43.13467285100006],[-91.17469890599995,43.03872083600004],[-91.14338188199997,42.90467781700005],[-91.10057186699999,42.88308581600006],[-91.05373983699997,42.73824579500007],[-90.94921980099997,42.68558079300004],[-90.72021572999995,42.640765800000054],[-90.64284969299996,42.508488784000065],[-90.07367652899995,42.508282818000055],[-89.25076528899996,42.49800186500005],[-88.78668715299995,42.49199089100006],[-88.11529095599997,42.49622693100008],[-87.80209686299997,42.49258394800006],[-87.81713088299995,42.635459971000046],[-87.75791888099997,42.78214399900003],[-87.84348991599995,42.873297010000044],[-87.84502392499996,42.96114002400003],[-87.89748594699995,43.02009903100003],[-87.86381194299997,43.07063004100007],[-87.91179297699995,43.250414068000055],[-87.86505397799993,43.39357809400008],[-87.80401796799998,43.463382109000065],[-87.79014097499999,43.563062126000034],[-87.70620996299994,43.67955015000007],[-87.69601896899997,43.76275216400006],[-87.73618399499998,43.88042918100007],[-87.64658899299997,44.10470222300006],[-87.51966596399996,44.17987824200003],[-87.50842496599995,44.229677251000055],[-87.54538798799996,44.32139326300006],[-87.48370199099998,44.51136229700006],[-87.43749898899995,44.60507931500007],[-87.34351397399996,44.719236339000076],[-87.31854497399996,44.788512351000065],[-87.17170594699996,44.931484383000054],[-87.18941295699994,44.96864038800004],[-87.12315494799998,45.065974407000056],[-87.04709692799997,45.09400241600008],[-87.03188593799996,45.21347043600008],[-87.10874896699994,45.25701143800006],[-87.14629897099996,45.191920425000035],[-87.23700299499995,45.16945741600006],[-87.28040799699994,45.07544439900005],[-87.40620501499995,44.90449836400006],[-87.48561603299999,44.85457035200005],[-87.61006906899996,44.83839234200008],[-87.72089508799996,44.724556317000065],[-87.76578009199994,44.64203130100003],[-87.85656111699996,44.61971929200007],[-87.92900712899996,44.53600127400006],[-88.00870815299999,44.54172227000004],[-87.98350016699999,44.720204300000034],[-87.82836814099994,44.894573337000054],[-87.81953114599997,44.951117346000046],[-87.63030409099997,44.97687336200005],[-87.59204709399995,45.09426038300006],[-87.65995811599998,45.10752038100003],[-87.73521614799995,45.17765038700003],[-87.68750414799996,45.298063409000065],[-87.64813214099996,45.339404417000026],[-87.85042420399998,45.34750040600005],[-87.86170321799995,45.434481419000065],[-87.81298220699995,45.464167426000074],[-87.774688213,45.60203245000008],[-87.82317023599995,45.66274045600005],[-87.81015023799995,45.71023846400004],[-87.87581926299998,45.75389646700006],[-88.07209732599995,45.78026945900007],[-88.13507335099996,45.82170246100003],[-88.069891338,45.87272547300006],[-88.10291435399995,45.921877478000056],[-88.25482240599996,45.963546475000044],[-88.29238741599994,45.95112347000003],[-88.51460749199998,46.01993446600005],[-88.65776653199998,45.98929545300007],[-88.78016257199994,46.015403449000075],[-89.091636683,46.13851344700004],[-90.12049601999996,46.336860407000074],[-90.21660107299994,46.501767425000025],[-90.32735311299996,46.55113342400006],[-90.41814314199996,46.56610242000005]]]]},"properties":{"shapeName":"Wisconsin","shapeISO":"US-WI","shapeID":"66186276B91272823970344","shapeGroup":"USA","shapeType":"ADM1"}},
{"type":"Feature","geometry":{"type":"Polygon","coordinates":[[[-116.91600259499995,45.99541908100008],[-118.12621081799995,46.00028796000004],[-118.98714297099997,45.999860872000056],[-119.12613398099995,45.93286485400006],[-119.25716400599998,45.93993184100003],[-119.36441002099997,45.92161082900003],[-119.62340706199996,45.90564480100005],[-119.66989105999994,45.856872793000036],[-119.96575810399997,45.82437076100007],[-120.17046712499996,45.76195673600006],[-120.21076812499996,45.725956729000075],[-120.40397415199999,45.69925470800007],[-120.50587716899997,45.70005369800003],[-120.63498219999997,45.74585268800007],[-120.85568822099998,45.67155066000004],[-121.08494725399999,45.64789863500005],[-121.18385526199995,45.60644662300007],[-121.21579327999996,45.671243624000056],[-121.337784307,45.70495461300004],[-121.40175331499995,45.69289260600004],[-121.53312034399994,45.72654659500006],[-121.73511836899996,45.69404457200005],[-121.81131838399995,45.706766565000066],[-121.90828138899997,45.654404552000074],[-122.10168940499995,45.58352152800006],[-122.24900742099999,45.54775051000007],[-122.47932946399999,45.579766489000065],[-122.675022502,45.618044471000076],[-122.76382452399997,45.65714346400006],[-122.76012253999994,45.73441846900005],[-122.79561956099997,45.81000546900003],[-122.81401259599994,45.960989476000066],[-122.90413363699997,46.08373947300004],[-123.11591869199998,46.18527345600006],[-123.28018070799999,46.144848437000064],[-123.37144772199997,46.14637742700006],[-123.43100173899995,46.18157642300008],[-123.47965876599994,46.26913642300008],[-123.54767377399997,46.259114415000056],[-123.71816378399996,46.18899439300003],[-123.75760379499997,46.21300639000003],[-123.85481579799995,46.157347377000065],[-123.97295682699996,46.21268336700007],[-123.933380791,46.07167736400004],[-123.93748577099996,45.977311359000055],[-123.99371777299996,45.946436352000035],[-123.96155874399994,45.83710634900007],[-123.98304373299999,45.76804934300003],[-123.94604171999998,45.733254345000034],[-123.94945468099996,45.545394335000026],[-123.975439602,45.145481311000026],[-124.012177593,45.07692630300005],[-124.025150565,44.92818029400007],[-124.07408054599995,44.798112282000034],[-124.05829551699998,44.65887127600007],[-124.15028138599996,43.910855225000034],[-124.23203933399998,43.56239819700005],[-124.28691031899996,43.43630118400006],[-124.38247430299998,43.270172165000076],[-124.44688926999999,43.03181314500006],[-124.55931225199998,42.83430312300004],[-124.51361622999997,42.74583212200008],[-124.41678820199996,42.661599126000056],[-124.38999118299995,42.574763123000025],[-124.435906166,42.43718511000003],[-124.41416313199994,42.25216910100005],[-124.37777612199994,42.21881410200007],[-124.34268309599997,42.094300098000076],[-124.21161906199995,41.99846510400005],[-123.65722598099995,41.99509915400006],[-123.04401089099997,42.00308920900005],[-122.37852479199995,42.00949027000007],[-121.95744372599995,42.00349030700005],[-120.98042956999996,41.99302839300003],[-120.32640046399996,41.99259145100007],[-119.99924741099994,41.99494948000006],[-119.20829327899997,41.99318254900004],[-118.69642219099995,41.99179959400004],[-117.65824300699995,41.99813805300005],[-117.02620989899998,41.999895740000056],[-117.02664436099997,42.552228710000065],[-117.02669606399996,43.02488182900004],[-117.02664719799998,43.80811589600006],[-116.93449821899998,44.021254922000026],[-116.97319823099997,44.04943092100007],[-116.89409623699999,44.16019693700008],[-117.05652327899998,44.230879928000036],[-117.10422129699998,44.27994592700003],[-117.17035530499999,44.258895919000054],[-117.18978232299997,44.33659092400006],[-117.24268834399999,44.396553924000045],[-117.22577135499995,44.47722893200006],[-117.14604535799998,44.56860894700003],[-117.03828337199997,44.74818497100006],[-116.93071335999997,44.78988698500007],[-116.85244036399996,44.887583],[-116.82628437699998,44.982499010000026],[-116.84795738899999,45.022608012000035],[-116.72962038999998,45.14209703300003],[-116.67380641499994,45.32151705200005],[-116.557600429,45.503223078000076],[-116.46364843099997,45.60279109500004],[-116.59301748999997,45.77854709600007],[-116.69720551799998,45.82014108900006],[-116.78268953499997,45.82538208100004],[-116.91600259499995,45.99541908100008]]]},"properties":{"shapeName":"Oregon","shapeISO":"US-OR","shapeID":"66186276B97229519707655","shapeGroup":"USA","shapeType":"ADM1"}},
{"type":"Feature","geometry":{"type":"Polygon","coordinates":[[[-96.56368081999995,45.93524688700006],[-96.57794883799994,46.026881898000056],[-96.55796084499997,46.10244990900003],[-96.59158086699995,46.18468991800006],[-96.59976989299997,46.330393936000064],[-96.64267490799995,46.350029936000055],[-96.74235195999995,46.50019394800006],[-96.74384897099998,46.56716995600004],[-96.79974400199995,46.66065196400007],[-96.77619201299996,46.76780998000004],[-96.80255302799998,46.81152898400006],[-96.78576804199997,46.924973],[-96.83541506999995,47.00719300600008],[-96.81758007299999,47.05160801300008],[-96.83922113799997,47.399521056000026],[-96.86637216799994,47.524901070000055],[-96.85712117999998,47.61076808100006],[-96.97890324999997,47.80989009600006],[-97.01776328099999,47.91978610700005],[-97.05456329599997,47.946287107000046],[-97.07226631899994,48.04807611800004],[-97.14977536599997,48.18538212900006],[-97.125478376,48.27616314200003],[-97.15721940499998,48.38574015200004],[-97.12934040999994,48.454056163000075],[-97.17089444299995,48.56515117300006],[-97.10041744499995,48.683086193000065],[-97.13687746399995,48.726043195000045],[-97.23406353399997,48.94761921400004],[-97.22873154299998,49.00057022000004],[-98.20644786899999,49.000436774000036],[-98.99981341299997,48.99999436400003],[-99.91371529099996,48.99905698800006],[-100.57721340499995,48.99947332600004],[-101.45674770799997,48.99932785000004],[-102.21700390999996,48.99856078100004],[-103.37547821199996,48.99895867400005],[-104.04874738599995,48.99988461100003],[-104.04822329999996,48.59906256900007],[-104.04167314499995,47.86228949200006],[-104.04552801899996,47.215673422000066],[-104.04558292399997,46.71388836600005],[-104.04545378399996,45.94531727900005],[-103.37547061699996,45.94480433600006],[-102.70488144899997,45.94507939300007],[-101.72339019899994,45.944194475000074],[-101.14608604999995,45.94384952300004],[-100.17083579499996,45.942521603000046],[-99.49026361499995,45.940369658000066],[-98.41452732599998,45.93651174300004],[-97.85479730999998,45.93555694600008],[-97.00036993999998,45.93524085300004],[-96.56368081999995,45.93524688700006]]]},"properties":{"shapeName":"North Dakota","shapeISO":"US-ND","shapeID":"66186276B22881275445497","shapeGroup":"USA","shapeType":"ADM1"}},
{"type":"Feature","geometry":{"type":"Polygon","coordinates":[[[-90.30930294799998,34.99570045000007],[-90.29200194599997,35.04179946000005],[-90.20940292299997,35.02655246100005],[-90.17360891899995,35.11807948000006],[-90.06539788999999,35.13769748900006],[-90.152099922,35.25599550800007],[-90.074997909,35.384158537000076],[-90.13048092599996,35.41375154000008],[-90.10772892399996,35.476941553000074],[-90.03974990999995,35.54804757000005],[-89.94541088799997,35.60161758500004],[-89.95028389899994,35.738499611000066],[-89.82122186399994,35.75672262100005],[-89.78179885699996,35.80509063200003],[-89.76569485799996,35.89130564900006],[-89.65615282999994,35.925816661000056],[-89.73310085699995,36.00061467200004],[-90.37789603499994,35.99568964100007],[-90.29311501999996,36.11437466800004],[-90.22043100499997,36.184770685000046],[-90.14224598599998,36.227528697000025],[-90.06398596999998,36.303044715000055],[-90.06451997599999,36.38209173000007],[-90.14414500099997,36.42581273500008],[-90.15248700799998,36.49795874800003],[-90.87378120799997,36.498080714000025],[-91.40714335399997,36.49711868800006],[-92.37516561799998,36.49720564000006],[-93.42699590199999,36.49859158800007],[-94.11068008499996,36.498593553000035],[-94.61792621899997,36.49942052700004],[-94.56117217699995,36.15211646800003],[-94.43066908599997,35.39248433500006],[-94.44789588699996,34.93394736300007],[-94.47268044999998,34.102983761000075],[-94.48588198199997,33.63787300100006],[-94.38952195099995,33.54678398800007],[-94.14524588799998,33.56499300200005],[-94.04345686099998,33.552259004000064],[-94.04297082799997,33.01922490000004],[-93.49089968299995,33.01844792300005],[-92.79653949899995,33.01484195200004],[-91.95196427299999,33.007433985000034],[-91.16607905999996,33.00411201600008],[-91.12464505299994,33.06413303000005],[-91.20017307599994,33.10693603500005],[-91.08986804799997,33.13966104600007],[-91.14222507399995,33.34899508700005],[-91.05815805599997,33.42871110600004],[-91.16936608699996,33.45263510600006],[-91.22412710899994,33.56737512700005],[-91.13045108599994,33.60604013900007],[-91.22057611499997,33.69292915200003],[-91.16087209999995,33.707102158000055],[-91.09404607899995,33.658357151000075],[-91.05389207499996,33.77870717700006],[-91.07088908499998,33.86672019300005],[-91.01083707199996,33.92555820800004],[-91.08792709599999,33.975341214000025],[-90.98795407199998,34.01904422700005],[-90.88896204599996,34.029794234000065],[-90.87053404399995,34.080522245000054],[-90.94632906599998,34.10938024700005],[-90.84781404499995,34.20653627100006],[-90.83241304499995,34.26749728300007],[-90.74089502199996,34.30654429500004],[-90.75011302899998,34.367925307000064],[-90.67625100899994,34.371117311000035],[-90.58068298499995,34.41056032300003],[-90.58992699199996,34.48479933700003],[-90.54589698499996,34.56326335400007],[-90.58842500399999,34.67096937400004],[-90.47972397299998,34.659940376000065],[-90.45694097699999,34.82338941000006],[-90.25010092599996,34.90732643500007],[-90.30930294799998,34.99570045000007]]]},"properties":{"shapeName":"Arkansas","shapeISO":"US-AR","shapeID":"66186276B86295910312663","shapeGroup":"USA","shapeType":"ADM1"}},
{"type":"Feature","geometry":{"type":"Polygon","coordinates":[[[-86.82483349999995,41.76024787800003],[-87.09905557099995,41.65177784400004],[-87.22066560399998,41.62436383200003],[-87.36886564899999,41.63004682500008],[-87.52417070199994,41.708321830000045],[-87.52670164899996,41.14922973300003],[-87.52632758799996,40.49399961700004],[-87.53326153499995,39.871989505000045],[-87.53165148899996,39.34806941000005],[-87.58908950499995,39.33383840500005],[-87.60495250299994,39.26021939000003],[-87.57456349099994,39.218411384000035],[-87.65875050799997,39.136004365000076],[-87.57259347699994,39.05729335500007],[-87.57653647199999,38.98671834100003],[-87.51219245099998,38.95442433900007],[-87.53492445099994,38.87888132300003],[-87.49591043299995,38.78544130800003],[-87.51904343199999,38.69953329100008],[-87.59725245199996,38.66532128100005],[-87.62290245299994,38.586205265000046],[-87.71405247099995,38.47988724000004],[-87.74525947399997,38.40900322500005],[-87.85965649699995,38.27671819500006],[-87.93356151899997,38.29590319500005],[-87.98397852699998,38.20911417600007],[-87.94049651199998,38.17490917200007],[-87.96723151099997,38.06711215000007],[-88.03413752699998,38.032052141000065],[-88.01336051099997,37.89486111600007],[-88.02803550799996,37.799231097000074],[-87.94451148199994,37.77526309600006],[-87.90681547399998,37.80763110400005],[-87.93678948899998,37.89259411900008],[-87.88332647599998,37.92624512800006],[-87.83058345699999,37.87652312100005],[-87.68402341699993,37.90350513300007],[-87.66652740599994,37.827462120000064],[-87.58374238699997,37.878087133000065],[-87.62839440299996,37.92757014000006],[-87.60157839899995,37.971311150000076],[-87.51150436799998,37.906433142000026],[-87.38543933399995,37.93767715400003],[-87.22034727999994,37.84908814500005],[-87.06968023299999,37.80152014300006],[-87.01237822499996,37.91871516800006],[-86.79551516799995,37.989460192000024],[-86.75099514999994,37.912900179000076],[-86.51101008099994,37.92612719300007],[-86.51176508999998,38.044455216000074],[-86.45219707299998,38.05049722000007],[-86.37532905699999,38.13063623900007],[-86.28711503399995,38.15794624800003],[-86.26720801999994,38.056805230000066],[-86.17656198999998,38.010237225000026],[-86.07593695999998,37.995500227000036],[-85.94711892299995,38.00509223500006],[-85.92127991799998,38.030327241000066],[-85.90387792299998,38.174149269000054],[-85.78690889799998,38.288540296000065],[-85.74086188299998,38.26787329500007],[-85.65535986199995,38.323856309000064],[-85.61828585899997,38.42636033100007],[-85.49887082699996,38.46824934400007],[-85.42244580999994,38.53293836000006],[-85.45648583099995,38.68507638800003],[-85.43630382899994,38.72849139700003],[-85.30532979099996,38.74155340500005],[-85.17305274799998,38.68802940100005],[-84.99193170199999,38.77854442700004],[-84.88728967199995,38.794783435000056],[-84.82996265799994,38.83063944500003],[-84.86778267399995,38.899140456000055],[-84.83712467199996,38.98806647400005],[-84.89673069499997,39.05331148400006],[-84.82016167599994,39.10548749700007],[-84.81418373099996,39.81421963100007],[-84.80392176799995,40.31012272300006],[-84.80323883799997,41.12142187100005],[-84.80597689099994,41.69612597300005],[-84.80588789599994,41.76022398400005],[-85.79136819199994,41.75905893300006],[-86.82483349999995,41.76024787800003]]]},"properties":{"shapeName":"Indiana","shapeISO":"US-IN","shapeID":"66186276B82803899326534","shapeGroup":"USA","shapeType":"ADM1"}},
{"type":"Feature","geometry":{"type":"Polygon","coordinates":[[[-96.45326843699996,43.50039755500006],[-95.74157724399998,43.499898605000055],[-95.15494408299998,43.50045664500004],[-94.49239794599998,43.50035668100003],[-93.79580070599997,43.49952773800004],[-93.27180755799998,43.49936377200004],[-92.62883209199998,43.50011005400006],[-91.949886183,43.500492859000076],[-91.21771297299995,43.50055790600004],[-91.26875500199998,43.61535592100006],[-91.24414201399998,43.77467494700005],[-91.28414503499994,43.847072956000034],[-91.43252909599994,43.996834970000066],[-91.58002614199995,44.02693296500007],[-91.72155919599999,44.130349971000044],[-91.87516524899996,44.20058297200006],[-91.92559728099997,44.33355598900005],[-92.05649332799999,44.40273699000005],[-92.21517037799998,44.43851098500005],[-92.27679139999998,44.47365698600004],[-92.31994542199999,44.54494799400004],[-92.54055848799999,44.56726598300003],[-92.56944150099997,44.603546986000026],[-92.80799558899997,44.75147799200005],[-92.76528558899997,44.83719400700005],[-92.76206761299994,45.02432803500005],[-92.80217063099997,45.06756303900005],[-92.74675661999999,45.10705904800005],[-92.76187564999998,45.28702107300006],[-92.65042963299999,45.39851509700003],[-92.64660963799997,45.441643104000036],[-92.77023069099994,45.566947113000026],[-92.88375672499996,45.57549110700006],[-92.86920074199998,45.717576128000076],[-92.78462872399996,45.76420414100005],[-92.70770971999997,45.89490916500006],[-92.63883170599996,45.93417417500007],[-92.47276866299995,45.97296019200007],[-92.44226666099996,46.01618520100004],[-92.34998463399995,46.01699020700005],[-92.29404062599997,46.07438521900008],[-92.29129971299994,46.66815030300006],[-92.21639968899996,46.64984930600008],[-92.18909869099997,46.71754931800007],[-92.08949766599994,46.74924832900007],[-92.01529763799994,46.70647732900005],[-92.09409667299997,46.78784733400005],[-91.84614962099994,46.92300337100005],[-91.77996460399999,46.94338237800008],[-91.57382456499994,47.08992541400005],[-91.46501253899999,47.13190842700004],[-91.24922049799994,47.28416446400007],[-91.17004448699998,47.36627448100006],[-90.88970942999998,47.54477852500003],[-90.72867639499998,47.627925548000064],[-90.53711234799994,47.703063572000076],[-89.97430319699998,47.830522630000075],[-89.79354615099999,47.891366651000055],[-89.61693411299996,47.996530678000056],[-89.76768616299995,48.022613671000045],[-89.87329318999997,47.98542765800005],[-89.96826222299995,48.01449065600008],[-90.02360225099994,48.08471666100007],[-90.13265228899996,48.111776657000064],[-90.38226536199994,48.09319063700008],[-90.55684541599999,48.09601662500006],[-90.57591242599995,48.120915627000045],[-90.74152747199997,48.094591611000055],[-90.88548753999999,48.24579262200007],[-91.08273858999996,48.18076459800005],[-91.25011962499997,48.08409557300007],[-91.42964967299997,48.04861655500008],[-91.56975372299996,48.093356551000056],[-91.71199376899995,48.114721544000076],[-91.71493878399997,48.19913855500005],[-91.86438982999994,48.20703954500004],[-92.00658488199997,48.26542954200005],[-92.00014088999995,48.32136355000006],[-92.16216894499996,48.36328754300007],[-92.28900197999997,48.34299953100003],[-92.28073496099995,48.244277519000036],[-92.36918198399997,48.22027650900003],[-92.47675804099998,48.371768521000035],[-92.50729306299996,48.447883528000034],[-92.656035106,48.436717516000044],[-92.63493911799998,48.542881531000035],[-92.72805414499999,48.53929852400006],[-92.98497123599998,48.62373951500007],[-93.34819134499998,48.62642248700007],[-93.46431637299997,48.59180047400008],[-93.46751236599994,48.54567246800008],[-93.64309941399995,48.51830245100007],[-93.79446245799994,48.51602943900008],[-93.85162649499995,48.63011644900007],[-94.22428460799995,48.64953542200004],[-94.26054962699999,48.69638942500006],[-94.43870967899994,48.694897411000056],[-94.58959972799994,48.71789340200007],[-94.69435576999996,48.78219240100003],[-94.68435578599997,48.88396641500003],[-94.75028684499995,49.09928143600007],[-94.82556390399998,49.294397454000034],[-94.957473957,49.37019445300007],[-95.05841298399997,49.35317844200006],[-95.153323017,49.384366439000075],[-95.15371994499998,48.998911391000036],[-96.20884025099997,48.999992305000035],[-97.22873154299998,49.00057022000004],[-97.23406353399997,48.94761921400004],[-97.13687746399995,48.726043195000045],[-97.10041744499995,48.683086193000065],[-97.17089444299995,48.56515117300006],[-97.12934040999994,48.454056163000075],[-97.15721940499998,48.38574015200004],[-97.125478376,48.27616314200003],[-97.14977536599997,48.18538212900006],[-97.07226631899994,48.04807611800004],[-97.05456329599997,47.946287107000046],[-97.01776328099999,47.91978610700005],[-96.97890324999997,47.80989009600006],[-96.85712117999998,47.61076808100006],[-96.86637216799994,47.524901070000055],[-96.83922113799997,47.399521056000026],[-96.81758007299999,47.05160801300008],[-96.83541506999995,47.00719300600008],[-96.78576804199997,46.924973],[-96.80255302799998,46.81152898400006],[-96.77619201299996,46.76780998000004],[-96.79974400199995,46.66065196400007],[-96.74384897099998,46.56716995600004],[-96.74235195999995,46.50019394800006],[-96.64267490799995,46.350029936000055],[-96.59976989299997,46.330393936000064],[-96.59158086699995,46.18468991800006],[-96.55796084499997,46.10244990900003],[-96.57794883799994,46.026881898000056],[-96.56368081999995,45.93524688700006],[-96.58309380699995,45.82003187000004],[-96.65223481499999,45.74681685500008],[-96.83577784999994,45.64965582800005],[-96.85775984999998,45.60596982000004],[-96.76528881099995,45.52142181600004],[-96.68046277099995,45.41050680700005],[-96.61773475299998,45.408099811000056],[-96.48907370999996,45.35707881400003],[-96.45307569199997,45.29812280900006],[-96.45156761799996,44.805475741000066],[-96.45339750199997,43.97806762400006],[-96.45326843699996,43.50039755500006]]]},"properties":{"shapeName":"Minnesota","shapeISO":"US-MN","shapeID":"66186276B10610315112087","shapeGroup":"USA","shapeType":"ADM1"}},
{"type":"Feature","geometry":{"type":"Polygon","coordinates":[[[-73.48731536499997,42.04964653300004],[-73.55096233799998,41.29543038600008],[-73.48271031099995,41.21276837200003],[-73.72777638299993,41.10070434200003],[-73.65733735299995,40.98517932200008],[-73.59570033499995,41.016003330000046],[-73.43325128499998,41.05581634300006],[-73.40247527699995,41.08606635000007],[-73.20265721699997,41.158104371000036],[-73.13025419299998,41.14680537100003],[-73.01455115899995,41.204743387000065],[-72.93641413799998,41.273060403000045],[-72.70294406199997,41.25589640700008],[-72.61723803499996,41.27200641300004],[-72.54394200999997,41.24871241100004],[-72.45192598199998,41.27889342000003],[-72.38662995999994,41.26180641900004],[-71.97944783199995,41.329995446000055],[-71.86051379299994,41.320256448000066],[-71.79768377799996,41.41671746800006],[-71.78699478799996,41.65600051500007],[-71.79924281299998,42.008073582000065],[-71.80065081399994,42.023577585000055],[-72.99955020499993,42.03866154800005],[-73.48731536499997,42.04964653300004]]]},"properties":{"shapeName":"Connecticut","shapeISO":"US-CT","shapeID":"66186276B83663796884405","shapeGroup":"USA","shapeType":"ADM1"}}
]}